EAN,OPIS,OPIS2,EM,EM1,FAKTOR,FAKT_EXP,PAKIRANJE,PAKIRANJEX,KLASIFIKAC,SKUPINA_1,SKUPINA_2,SKUPINA_3,SKUPINA_4,TIP_ART,MIN_ZALOGA,SIG_ZALOGA,GRUPA,GRUPA_EKO,V_ZALOGE,V_A_ZALOGE,V_MINUS,SKLADIŠÈE,TEŽA,TIP_CENE,ID_NORM,N_ENOTA,AKTIVEN,UPORABNIK,DAT_VNOSA,UPORABNIKS,DAT_SPREME,PROIZVAJAL,POREKLO,LETO_UVOZA,DOBAVITELJ,DOBAVIT_ID,DOBAVIT_IM,LOKACIJA,DEKLARA,CARIN_STOP,V_SERIS,NAZIV_ENG,KN,KONKRETNO,LASTNOST,STANDARD,KONTO,DODATEK_1,DODATEK_2,DODATEK_3,DODATEK_4,DODATEK_5,KARTON,MARŽA,MIN_MARZA,ROK_IZD,SLED,PRIPADA_N,VN_STATUS,SIRINA,DOLZINA,VISINA,KALO,KALO_DEC,KVALITETA,ABC,KONTROLA_P,GARANCIJA,GARANCIJAE,ATEST,STATUS,FANTOMSKI,NORMFIXKOL,FANTOM_KOL,SLIKA_PATH,KONTO_KONS,NORM_AVTO,FIFO,STM,OPT_KOL,KARANTENA,OPT_ZALOGA,MAX_ZALOGA,NAB_LETKOL,OPT_CAS,NAB_STRNAB,NAB_STRSKL,NAB_POVPZA,KONTO2,PRET_CAS,KALK_CENA,NACIN_FAK,ROK_UPORAB,PLU_KODA,OPT_KOL_PA,VOLUMEN,DEKADA,DEKADA_FAK,LANSAZA,CARIN_KOM,NALEPKA,BESEDILO_Z,KONTROLNI_,DODATEK_8,DODATEK_9,DODATEK_10,DODATEK_11,LC_V_EUR,ZNESEK_2,ZNESEK_3,ZNESEK_4,ZNESEK_5,PAKIRANJEP,INTRASTAT,EM_DAN,EM_DAN_TIP,MIN_ZAL1,SIG_ZAL1,OPT_ZAL1,MAX_ZAL1,MIN_ZAL2,SIG_ZAL2,OPT_ZAL2,MAX_ZAL2,MIN_ZAL3,SIG_ZAL3,OPT_ZAL3,MAX_ZAL3,TEZA_B,ABC_P,KN_P,ID_ART2,NACRT,TIP_NARO,NARO_TIP,ID_KOL,IDENT_PAK,IDENT_PAK2,PAKIRANJE2,VARIANTA,ROK_IZD1,ROK_IZD2,ROK_IZD3,ABC_X,ABC_V,STANJE,STANJE_KDO,STANJE_CAS,SN,DODATEK24,DODATEK25,SPL_STRAN,ZALOGE,ID_ART,IDG,NAZIV,,,,,,,,,,,,,,,,,,,,,,,,,,,,,,,,,,,,,,,,,,IDENT,,A_NAZIV
,,,KG,KOS,1,0,0,KOS,1,0,0201060000,,,,,MAT,0,0,0,0,A,,D,,N,,1,0,,,0,D,VX,16.05.2017 08:40:48,VX,18.07.2017 11:50:57,,TW,,,,,,0,55032000,N,,,,,,,,,,,,,,,,N,,,0,0,0,0,0,0,0,0,0,,,,0,,,I,,,0,0,,,,,,0,0,0,0,0,0,0,0,0,0,0,0,0,0,0,0,0,,0,0,0,0,,,,0,0,0,0,,0,0,,,,,,,,,,0,0,0,0,0,0,0,0,0,0,1,0,,0,0,,0,0,0,0,0,0,0,0,0,0,0,0,0,0,0,0,0,0,0,0,0,0,0,0,0,0,,,,,,,,,,0,0,,,,,,,,,.  .       :  :,,,,,,9941154,9941154,"VL. EASTLON 3,6/53 SY-2351SIM SEA ISLAND"
,vlakna so za izdelavo vzorca notranjk za švedskega,"kupca. vzorec dobavljen 16/09/02; cena 4,6 EUR/kg",KG,KOS,0,0,0,KOS,1,0,0201060000,,,0201,,MAT,0,0,0,0,A,,D,,N,,0,0,,,0,D,VV,13.01.2003 14:11:44,VX,20.07.2004 16:06:50,,,,,,,,0,,N,,,,,,,,,,,,,,,,N,0111112,,0,0,0,0,0,0,0,0,0,,,,0,,,,,,0,0,,,,,,0,0,0,0,0,0,0,0,0,0,0,0,0,0,0,0,0,,0,0,0,0,,,,0,0,0,0,,0,0,,,,,,,,,,0,0,0,0,0,0,0,0,0,0,1,0,,0,0,,0,0,0,0,0,0,0,0,0,0,0,0,0,0,0,0,0,0,0,0,0,0,0,0,0,0,,,,,,,,,,0,0,,,,,,,,,.  .       :  :,,,,,,9909662,9909662,"VL. VOLNA 24,0 MICRON TIP KS4"
,,,KG,KG,1,0,0,KOS,1,0,0201060000,,,0201,,MAT,0,0,0,0,A,,D,,N,,0,0,,,0,D,VB,07.03.2002 14:47:01,VX,20.07.2004 16:07:05,PO22332,,,PO22332,,,,0,,N,,,,,,31000,,,,,,,,N,,N,0111311,,0,0,0,0,0,0,0,0,0,,,,0,,,,,,0,0,,,,,,0,0,0,0,0,0,0,0,0,0,0,0,0,0,0,0,0,,0,0,0,0,,,,0,0,0,0,,0,0,,,,,,,,,,0,0,0,0,0,0,0,0,0,0,1,0,,0,0,,0,0,0,0,0,0,0,0,0,0,0,0,0,0,0,0,0,0,0,0,0,0,0,0,0,0,,,,,,,,,,0,0,,,,,,,,,.  .       :  :,,,,,,9907332,9907332,VL. VOLNENA AV24
,"ALTERNATIVA KERMEL-U;0,17 TEX;38 MM",,KG,KOS,1,0,0,KOS,1,0,0201060000,,,0201,,MAT,0,0,0,0,A,,D,,N,022210,0,0,,,0,D,U5,23.03.2009 12:49:30,VX,02.06.2009 14:32:10,,,,,,,,0,,N,,,,,,,,,,,,,,,,N,0111112,,0,0,0,0,0,0,0,0,0,,,,0,,,,,,0,0,,,,,,0,0,0,0,0,0,0,0,0,0,0,0,0,0,0,0,0,,0,0,0,0,,,,0,0,0,0,,0,0,,,,,,,,,,0,0,0,0,0,0,0,0,0,0,1,0,,0,0,,0,0,0,0,0,0,0,0,0,0,0,0,0,0,0,0,0,0,0,0,0,0,0,0,0,0,,,,,,,,,,0,0,,,,,,,,,.  .       :  :,,,,,,9924205,9924205,"VL.ARSELON 1,7 DTEX/36MM"
,"ALTERNATIVA KERMEL-U;0,33 TEX;66 MM",,KG,KOS,1,0,0,KOS,1,0,0201060000,,,0201,,MAT,0,0,0,0,A,,D,,N,022210,0,0,,,0,D,U5,23.03.2009 14:22:31,VX,02.06.2009 14:32:20,,,,,,,,0,,N,,,,,,,,,,,,,,,,N,0111112,,0,0,0,0,0,0,0,0,0,,,,0,,,,,,0,0,,,,,,0,0,0,0,0,0,0,0,0,0,0,0,0,0,0,0,0,,0,0,0,0,,,,0,0,0,0,,0,0,,,,,,,,,,0,0,0,0,0,0,0,0,0,0,1,0,,0,0,,0,0,0,0,0,0,0,0,0,0,0,0,0,0,0,0,0,0,0,0,0,0,0,0,0,0,,,,,,,,,,0,0,,,,,,,,,.  .       :  :,,,,,,9924207,9924207,"VL.ARSELON 3,3 DTEX/66MM"
,,,KG,KG,1,0,0, KG,1,0,0201020000,0001,,0201,,MAT,0,0,0,0,A,,D,N,N,,0,0,,,0,D,U1,.  .       :  :,VX,21.07.2004 10:32:24,,,,,,,099,0,,N,,,N,,,31000,0440897,,,,,,,N,,K,0111112,,0,0,0,0,0,0,0,0,0,,,N,0,,,,,N,0,0,,,N,,,0,0,0,0,0,0,0,0,0,0,0,0,0,0,0,0,0,,0,0,0,0,,,,0,0,0,0,,0,0,,,,,,,,,,1,0,0,0,0,0,0,0,0,0,1,0,,0,0,,0,0,0,0,0,0,0,0,0,0,0,0,0,0,0,0,0,0,0,0,0,0,0,0,0,0,,,,,,,,,,0,0,,,,,,,,,.  .       :  :,,,,,,0440897,0440897,VL.BOM. IZÈESEK  (AJDOVŠÈINA)
,"14,5 - 18 MM",,KG,KG,1,0,0, KG,1,0,0201020000,0001,,0201,,MAT,0,0,0,0,A,,D,N,N,,0,0,,,0,D,VY,20.07.2007 14:40:27,VY,20.07.2007 14:40:27,,,,,,,099,0,,N,,,N,,,31000,0440897,,,,,,,N,,N,0111112,,0,0,0,0,0,0,0,0,0,,,N,0,,,,,N,0,0,,,N,,,0,0,0,0,0,0,0,0,0,0,0,0,0,0,0,0,0,,0,0,0,0,,,,0,0,0,0,,0,0,,,,,,,,,,1,0,0,0,0,0,0,0,0,0,1,0,,0,0,,0,0,0,0,0,0,0,0,0,0,0,0,0,0,0,0,0,0,0,0,0,0,0,0,0,0,,,,,,,,,,0,0,,,,,,,,,.  .       :  :,,,,,,9921177,9921177,VL.BOM. IZÈESEK (AQUASAVA)
,20 - 30 MM,,KG,KG,1,0,0, KG,1,0,0201020000,0001,,0201,,MAT,0,0,0,0,A,,D,N,N,,0,0,,,0,D,VY,24.07.2007 11:29:58,VQ,21.08.2008 15:32:12,,,,,,,099,0,,N,,,N,,,31000,0440897,,,,,,,N,,N,0111112,,0,0,0,0,0,0,0,0,0,,,N,0,,,,,N,0,0,,,N,,,0,0,0,0,0,0,0,0,0,0,0,0,0,0,0,0,0,,0,0,0,0,,,,0,0,0,0,,0,0,,,,,,,,,,1,0,0,0,0,0,0,0,0,0,1,0,,0,0,,0,0,0,0,0,0,0,0,0,0,0,0,0,0,0,0,0,0,0,0,0,0,0,0,0,0,,,,,,,,,,0,0,,,,,,,,,.  .       :  :,,,,,,9921183,9921183,VL.BOM. IZÈESEK DOLGOVLAKNATI (TOSAMA)
,bom. je enake kvalitete kot je bomb. iz ajdovšèine,,KG,KG,1,0,0, KG,1,0,0201020000,0001,,0201,,MAT,0,0,0,0,A,,D,N,N,,0,0,,,0,D,VK,25.03.2002 12:15:49,VQ,21.08.2008 14:39:54,,,,,,,099,0,,N,,,N,,,31000,0440897,,,,,,,N,,K,0111112,,0,0,0,0,0,0,0,0,0,,,N,0,,,,,N,0,0,,,N,,,0,0,0,0,0,0,0,0,0,0,0,0,0,0,0,0,0,,0,0,0,0,,,,0,0,0,0,,0,0,,,,,,,,,,1,0,0,0,0,0,0,0,0,0,1,0,,0,0,,0,0,0,0,0,0,0,0,0,0,0,0,0,0,0,0,0,0,0,0,0,0,0,0,0,0,,,,,,,,,,0,0,,,,,,,,,.  .       :  :,,,,,,9907542,9907542,VL.BOM.ODPAD DXA (LITIJA)
,BOMBAŽ VSEBUJE ŠE OSTANKE SEMEN,,KG,KG,1,0,0, KG,1,0,0201020000,0001,,0201,,MAT,0,0,0,0,A,,D,N,N,,0,0,,,0,D,VK,16.10.2002 14:11:10,VX,21.07.2004 10:33:01,,,,,,,099,0,,N,,,N,,,31000,0440897,,,,,,,N,,K,0111112,,0,0,0,0,0,0,0,0,0,,,N,0,,,,,N,0,0,,,N,,,0,0,0,0,0,0,0,0,0,0,0,0,0,0,0,0,0,,0,0,0,0,,,,0,0,0,0,,0,0,,,,,,,,,,1,0,0,0,0,0,0,0,0,0,1,0,,0,0,,0,0,0,0,0,0,0,0,0,0,0,0,0,0,0,0,0,0,0,0,0,0,0,0,0,0,,,,,,,,,,0,0,,,,,,,,,.  .       :  :,,,,,,9909059,9909059,VL.BOM.ODPAD DXM-S 3.KV (LITIJA)
,"KHIMVOLOKNO, antistat.vlakna, 100 % carbon",,KG,KOS,1,0,0,KOS,1,0,0201030000,,,0201,,MAT,0,0,0,0,A,,D,,N,022210,0,0,,,0,D,Y4,11.02.2009 12:00:25,Y4,11.02.2009 12:00:25,,,,900120,,,,0,5503.1900,N,,,,,,,,,,,,,,,,N,0111112,,0,0,0,0,0,0,0,0,0,,,,0,,,,,,0,0,,,,,,0,0,0,0,0,0,0,0,0,0,0,0,0,0,0,0,0,,0,0,0,0,,,,0,0,0,0,,0,0,,,,,,,,,,0,0,0,0,0,0,0,0,0,0,1,0,,0,0,,0,0,0,0,0,0,0,0,0,0,0,0,0,0,0,0,0,0,0,0,0,0,0,0,0,0,,,,,,,,,,0,0,,,,,,,,,.  .       :  :,,,,,,9923987,9923987,"VL.CARBON ANTIST.LO-1-22/42, 100 MM KIMV"
,,,KG,KOS,1,0,0,KOS,1,0,0201030000,,,,,MAT,0,0,0,0,A,,D,,N,022210,0,0,,,0,D,VX,02.06.2009 13:26:16,VX,28.08.2009 10:31:56,,,,,,,,0,5503.1900,N,,,,,,,,,,,,,,,,N,0111112,,0,0,0,0,0,0,0,0,0,,,,0,,,,,,0,0,,,,,,0,0,0,0,0,0,0,0,0,0,0,0,0,0,0,0,0,,0,0,0,0,,,,0,0,0,0,,0,0,,,,,,,,,,0,0,0,0,0,0,0,0,0,0,1,0,,0,0,,0,0,0,0,0,0,0,0,0,0,0,0,0,0,0,0,0,0,0,0,0,0,0,0,0,0,,,,,,,,,,0,0,,,,,,,,,.  .       :  :,,,,,,9924548,9924548,"VL.CARBON ANTIST.LO-1-22/42, 38MM KIMVOL"
,,,KG,KG,1,0,0,KOS,1,0,0201020000,,,0201,,MAT,0,0,0,0,A,,D,,N,,0,0,,,0,D,VX,16.05.2024 13:12:03,UZ,03.06.2024 07:06:01,,,,,,,,0,,N,,,,,,31000,9903483,,,,,,,N,,B,0111112,,0,0,0,0,0,0,0,0,0,,,,0,,,,,,0,0,,,,,,0,0,0,0,0,0,0,0,0,0,0,0,0,0,0,0,0,,0,0,0,0,,,,0,0,0,0,,0,0,,,,,,,,,,1,0,0,0,0,0,0,0,0,0,1,0,,0,0,,0,0,0,0,0,0,0,0,0,0,0,0,0,0,0,0,0,0,0,0,0,0,0,0,0,0,,,,,,,,,,0,0,,,,,,,,,.  .       :  :,,,,,,9951015,9951015,"VL.CEL 1,3/38 BRIGHT SUBSTAND.LENZING/CE"
,,,KG,KOS,1,0,0,KOS,1,0,0201020000,,,0201,,MAT,0,0,0,0,A,,D,,N,,0,0,,,0,D,VX,22.03.2004 09:30:26,VQ,21.08.2008 14:41:16,,,,,,,,0,,N,,,,,,,,,,,,,,,,N,0111112,,0,0,0,0,0,0,0,0,0,,,,0,,,,,,0,0,,,,,,0,0,0,0,0,0,0,0,0,0,0,0,0,0,0,0,0,,0,0,0,0,,,,0,0,0,0,,0,0,,,,,,,,,,0,0,0,0,0,0,0,0,0,0,1,0,,0,0,,0,0,0,0,0,0,0,0,0,0,0,0,0,0,0,0,0,0,0,0,0,0,0,0,0,0,,,,,,,,,,0,0,,,,,,,,,.  .       :  :,,,,,,9912620,9912620,"VL.CEL 1,3/38 BRIGHT VISKOZA LOZNICA"
,"Karafiber, Turèija, 1.kvaliteta",PECF CERTIFIKAT - FCS-OEKO TEX-TUV-FOOD CONTACT,KG,KOS,1,0,0,KOS,1,0,0201020000,,,0201,,MAT,0,0,0,0,A,,D,,N,,0,0,,,0,D,Y4,29.05.2024 13:23:44,Y4,29.05.2024 13:26:53,,,,,,,,0,,N,,,,,,,,,,,,,,,,B,0111112,,0,0,0,0,0,0,0,0,0,,,,0,,,,,,0,0,,,,,,0,0,0,0,0,0,0,0,0,0,0,0,0,0,0,0,0,,0,0,0,0,,,,0,0,0,0,,0,0,,,,,,,,,,0,0,0,0,0,0,0,0,0,0,1,0,,0,0,,0,0,0,0,0,0,0,0,0,0,0,0,0,0,0,0,0,0,0,0,0,0,0,0,0,0,,,,,,,,,,0,0,,,,,,,,,.  .       :  :,,,,,,9951073,9951073,"VL.CEL 1,3/38 ECOCELL LYOCELL KARAFIBER"
,ROHTEX,,KG,KOS,1,0,0,KOS,1,0,0201020000,,,0201,,MAT,0,0,0,0,A,,D,,N,022210,0,0,,,0,D,VX,01.02.2006 11:25:10,VX,01.02.2006 11:25:10,,,,,,,,0,,N,,,,,,,,,,,,,,,,K,0111112,,0,0,0,0,0,0,0,0,0,,,,0,,,,,,0,0,,,,,,0,0,0,0,0,0,0,0,0,0,0,0,0,0,0,0,0,,0,0,0,0,,,,0,0,0,0,,0,0,,,,,,,,,,0,0,0,0,0,0,0,0,0,0,1,0,,0,0,,0,0,0,0,0,0,0,0,0,0,0,0,0,0,0,0,0,0,0,0,0,0,0,0,0,0,,,,,,,,,,0,0,,,,,,,,,.  .       :  :,,,,,,9916700,9916700,"VL.CEL 1,3/38-40 T.4044/9529 BRIGHT/ROHT"
,"niso potrjena, beti 3.9.21",,KG,KOS,1,0,0,KOS,1,0,0201020000,,,0201,,MAT,0,0,0,0,A,,D,,N,022210,0,0,,,0,D,VX,13.07.2021 15:13:43,VX,19.11.2021 13:43:33,,,,,,,,0,,N,,,,,,,,,,,,,,,,N,0111112,,0,0,0,0,0,0,0,0,0,,,,0,,,,,,0,0,,,,,,0,0,0,0,0,0,0,0,0,0,0,0,0,0,0,0,0,,0,0,0,0,,,,0,0,0,0,,0,0,,,,,,,,,,0,0,0,0,0,0,0,0,0,0,1,0,,0,0,,0,0,0,0,0,0,0,0,0,0,0,0,0,0,0,0,0,0,0,0,0,0,0,0,0,0,,,,,,,,,,0,0,,,,,,,,,.  .       :  :,,,,,,9946915,9946915,"VL.CEL 1,3/50 DULL SUBST. LENZING - NE"
,,,KG,KOS,1,0,0,KOS,1,0,0201020000,,,0201,,MAT,0,0,0,0,A,,D,,N,,0,0,,,0,D,VX,26.04.2006 11:17:11,VX,26.04.2006 11:17:11,,,,,,,,0,,N,,,,,,,,,,,,,,,,K,,,0,0,0,0,0,0,0,0,0,,,,0,,,,,,0,0,,,,,,0,0,0,0,0,0,0,0,0,0,0,0,0,0,0,0,0,,0,0,0,0,,,,0,0,0,0,,0,0,,,,,,,,,,0,0,0,0,0,0,0,0,0,0,1,0,,0,0,,0,0,0,0,0,0,0,0,0,0,0,0,0,0,0,0,0,0,0,0,0,0,0,0,0,0,,,,,,,,,,0,0,,,,,,,,,.  .       :  :,,,,,,9917512,9917512,"VL.CEL 1,3-2,2/32-38 BRIGHT SUBS. CETEX"
,VLAKNA CEL ZA SPINERJE,"TITER 1,5 - 3,2",KG,KOS,1,0,0,KOS,1,0,0201020000,,,0201,,MAT,0,0,0,0,A,,D,,N,,0,0,,,0,D,VX,23.03.2004 17:21:31,VG,06.06.2018 11:20:37,,,,,,,,0,5504.1000,N,,,,,,,,,,,,,,,,N,0111112,,0,0,0,0,0,0,0,0,0,,,,0,,,,,,0,0,,,,,,0,0,0,0,0,0,0,0,0,0,0,0,0,0,0,0,0,,0,0,0,0,,,,0,0,0,0,,0,0,,,,,,,,,,0,0,0,0,0,0,0,0,0,0,1,0,,0,0,,0,0,0,0,0,0,0,0,0,0,0,0,0,0,0,0,0,0,0,0,0,0,0,0,0,0,,,,,,,,,,0,0,,,,,,,,,.  .       :  :,,,,,,9912636,9912636,"VL.CEL 1,5/40 TYP R 4035/40 GLADBACHER"
,2023 NE NAROÈUJ ZA N1 - NEUSTREZNA KVALITETA!,,KG,KOS,1,0,0,KOS,1,0,0201020000,,,,,MAT,0,0,0,0,A,,D,,N,,0,0,,,0,D,VX,11.12.2007 13:15:54,VX,22.02.2024 11:12:51,,,,,,,,0,,N,,,,,,,,,,,,,,,,B,,,0,0,0,0,0,0,0,0,0,,,,0,,,,,,0,0,,,,,,0,0,0,0,0,0,0,0,0,0,0,0,0,0,0,0,0,,0,0,0,0,,,,0,0,0,0,,0,0,,,,,,,,,,0,0,0,0,0,0,0,0,0,0,1,0,,0,0,,0,0,0,0,0,0,0,0,0,0,0,0,0,0,0,0,0,0,0,0,0,0,0,0,0,0,,,,,,,,,,0,0,,,,,,,,,.  .       :  :,,,,,,9921926,9921926,"VL.CEL 1,5/40 TYP R4035/40 GLADBACHE-NE"
,2023 NE NAROÈUJ ZA N1 - NEUSTREZNA KVALITETA!,,KG,KOS,1,0,0,KOS,1,0,0201020000,,,,,MAT,0,0,0,0,A,,D,,N,,0,0,,,0,D,VX,04.04.2023 12:58:43,VX,22.02.2024 11:13:17,,,,,,,,0,,N,,,,,,,,,,,,,,,,B,,,0,0,0,0,0,0,0,0,0,,,,0,,,,,,0,0,,,,,,0,0,0,0,0,0,0,0,0,0,0,0,0,0,0,0,0,,0,0,0,0,,,,0,0,0,0,,0,0,,,,,,,,,,0,0,0,0,0,0,0,0,0,0,1,0,,0,0,,0,0,0,0,0,0,0,0,0,0,0,0,0,0,0,0,0,0,0,0,0,0,0,0,0,0,,,,,,,,,,0,0,,,,,,,,,.  .       :  :,,,,,,9949134,9949134,"VL.CEL 1,5/50 TYP R4035/40 GLADBACHE-NE"
,,,KG,KOS,1,0,0,KOS,1,0,0201020000,,,,,MAT,0,0,0,0,A,,D,N,N,,1,0,,,0,D,VX,24.02.2010 09:04:20,VX,22.05.2020 10:01:11,,CN,,,,,,0,5504.1000,N,,,,,,31000,,,,,,,,N,,B,,,0,0,0,0,0,0,0,0,0,,,,0,,,I,,,0,0,,,,,,0,0,0,0,0,0,0,0,0,0,0,0,0,0,0,0,0,,0,0,0,0,,,,0,0,0,0,,0,0,,,,,,,,,,0,0,0,0,0,0,0,0,0,0,1,0,,0,0,,0,0,0,0,0,0,0,0,0,0,0,0,0,0,0,0,0,0,0,0,0,0,0,0,0,0,,,,,,,,,,0,0,,,,,,,,,.  .       :  :,,,,,,9926091,9926091,"VL.CEL 1,6/38 BAMBOO BRIGHT"
,,,KG,KG,1,0,0,KOS,1,0,0201020000,,,0201,,MAT,0,0,0,0,A,,D,N,N,,1,0,,,0,D,VX,20.10.2022 08:42:52,VX,20.10.2022 08:43:22,,,,,,,,0,,N,,,,,,31000,9901795,,,,,,,N,,B,0111112,,0,0,0,0,0,0,0,0,0,,,,0,,,,,,0,0,,,,,,0,0,0,0,0,0,0,0,0,0,0,0,0,0,0,0,0,,0,0,0,0,,,,0,0,0,0,,0,0,,,,,,,,,,1,0,0,0,0,0,0,0,0,0,1,0,,0,0,,0,0,0,0,0,0,0,0,0,0,0,0,0,0,0,0,0,0,0,0,0,0,0,0,0,0,,,,,,,,,,0,0,,,,,,,,,.  .       :  :,,,,,,9948214,9948214,"VL.CEL 1,7/38 BRIGHT SNIACE (1.KV)"
,,,KG,KG,1,0,0,KOS,1,0,0201020000,,,0201,,MAT,0,0,0,0,A,,D,N,N,,1,0,,,0,D,VM,25.01.2000 09:35:46,VX,15.05.2020 11:29:55,,,,,,,,0,,N,,,,,,31000,9901795,,,,,,,N,,B,0111112,,0,0,0,0,0,0,0,0,0,,,,0,,,,,,0,0,,,,,,0,0,0,0,0,0,0,0,0,0,0,0,0,0,0,0,0,,0,0,0,0,,,,0,0,0,0,,0,0,,,,,,,,,,1,0,0,0,0,0,0,0,0,0,1,0,,0,0,,0,0,0,0,0,0,0,0,0,0,0,0,0,0,0,0,0,0,0,0,0,0,0,0,0,0,,,,,,,,,,0,0,,,,,,,,,.  .       :  :,,,,,,9901795,9901795,"VL.CEL 1,7/38 DULL SNIACE (1.KV)"
,,,KG,KOS,1,0,0,KOS,1,0,0201020000,,,0201,,MAT,0,0,0,0,A,,D,,N,022210,0,0,,,0,D,VX,29.04.2005 14:10:45,VX,02.06.2009 14:32:57,,,,,,,,0,,N,,,,,,,,,,,,,,,,N,0111112,,0,0,0,0,0,0,0,0,0,,,,0,,,,,,0,0,,,,,,0,0,0,0,0,0,0,0,0,0,0,0,0,0,0,0,0,,0,0,0,0,,,,0,0,0,0,,0,0,,,,,,,,,,0,0,0,0,0,0,0,0,0,0,1,0,,0,0,,0,0,0,0,0,0,0,0,0,0,0,0,0,0,0,0,0,0,0,0,0,0,0,0,0,0,,,,,,,,,,0,0,,,,,,,,,.  .       :  :,,,,,,9915183,9915183,"VL.CEL 1,7/38 DULL SUBST. BIRLA VISCOSE"
,"Karafiber, Turèija, 1.kvaliteta",PECF CERTIFIKAT - FCS-OEKO TEX-TUV-FOOD CONTACT,KG,KOS,1,0,0,KOS,1,0,0201020000,,,0201,,MAT,0,0,0,0,A,,D,,N,,0,0,,,0,D,Y4,29.05.2024 13:18:19,Y4,29.05.2024 13:26:44,,,,,,,,0,,N,,,,,,,,,,,,,,,,B,0111112,,0,0,0,0,0,0,0,0,0,,,,0,,,,,,0,0,,,,,,0,0,0,0,0,0,0,0,0,0,0,0,0,0,0,0,0,,0,0,0,0,,,,0,0,0,0,,0,0,,,,,,,,,,0,0,0,0,0,0,0,0,0,0,1,0,,0,0,,0,0,0,0,0,0,0,0,0,0,0,0,0,0,0,0,0,0,0,0,0,0,0,0,0,0,,,,,,,,,,0,0,,,,,,,,,.  .       :  :,,,,,,9951072,9951072,"VL.CEL 1,7/38 ECOCELL LYOCELL KARAFIBER"
,,,KG,KG,1,0,0, KG,1,0,0201020000,0001,,0201,,MAT,0,0,0,0,A,,D,N,N,,0,0,,,0,D,U1,.  .       :  :,VX,02.06.2009 14:33:06,,,,,,,099,0,5504.1000,N,,,N,,1043/980,31000,0440895,,,,,,,N,,N,0111112,,0,0,0,0,0,0,0,0,0,,,N,0,,,,,N,0,0,,,N,,,0,0,0,0,0,0,0,0,0,0,0,0,0,0,0,0,0,,0,0,0,0,,,,0,0,0,0,,0,0,,,,,,,,,,1,0,0,0,0,0,0,0,0,0,1,0,,0,0,,0,0,0,0,0,0,0,0,0,0,0,0,0,0,0,0,0,0,0,0,0,0,0,0,0,0,,,,,,,,,,0,0,,,,,,,,,.  .       :  :,,,,,,0440895,0440895,"VL.CEL 1,7/38 LOZNICA (1.KV)"
,,,KG,KG,1,0,0,KOS,1,0,0201020000,0001,,0201,,MAT,0,0,0,0,A,,D,N,N,,0,0,,,0,D,VM,07.07.1999 13:21:41,VX,02.06.2009 14:33:13,,,,,,,099,0,5504.1000,N,,,N,,,31000,0441271,,,,,,,N,,N,0111112,,0,0,0,0,0,0,0,0,0,,,,0,,,,,N,0,0,,,N,,,0,0,0,0,0,0,0,0,0,0,0,0,0,0,0,0,0,,0,0,0,0,,,,0,0,0,0,,0,0,,,,,,,,,,1,0,0,0,0,0,0,0,0,0,1,0,,0,0,,0,0,0,0,0,0,0,0,0,0,0,0,0,0,0,0,0,0,0,0,0,0,0,0,0,0,,,,,,,,,,0,0,,,,,,,,,.  .       :  :,,,,,,0441271,0441271,"VL.CEL 1,7/38 ROMUNIJA (1.KV)"
,INDO-BHARAT RAYON,,KG,KOS,1,0,0,KOS,1,0,0201020000,,,0201,,MAT,0,0,0,0,A,,D,,N,022210,0,0,,,0,D,VY,09.01.2009 14:00:37,VX,10.05.2024 13:46:56,,,,,,,,0,,N,,,,,,,,,,,,,,,,N,0111112,,0,0,0,0,0,0,0,0,0,,,,0,,,,,,0,0,,,,,,0,0,0,0,0,0,0,0,0,0,0,0,0,0,0,0,0,,0,0,0,0,,,,0,0,0,0,,0,0,,,,,,,,,,0,0,0,0,0,0,0,0,0,0,1,0,,0,0,,0,0,0,0,0,0,0,0,0,0,0,0,0,0,0,0,0,0,0,0,0,0,0,0,0,0,,,,,,,,,,0,0,,,,,,,,,.  .       :  :,,,,,,9923884,9923884,"VL.CEL 1,7/38 SEMI DULL BIRLA"
,rowwhite,XXX BALE LENZING,KG,KG,1,0,0,KG,1,0,0201020000,0001,,0201,,MAT,0,0,0,0,A,,D,N,N,,1,0,,,0,D,VX,15.12.2014 12:57:18,Y5,08.06.2021 06:59:20,,AT,,,,,099,0,5504.1000,N,,,N,,,31000,0441284,,,,,,,N,,B,0111112,,0,0,0,0,0,0,0,0,0,,,N,0,,,I,,N,0,0,,,N,,,0,0,0,0,0,0,0,0,0,0,0,0,0,0,0,0,0,,0,0,0,0,,,,0,0,0,0,,0,0,,,,,,,,,,1,0,0,0,0,0,0,0,0,0,1,0,,0,0,,0,0,0,0,0,0,0,0,0,0,0,0,0,0,0,0,0,0,0,0,0,0,0,0,0,0,,,,,,,,,,0,0,,,,,,,,,.  .       :  :,,,,,,9937669,9937669,"VL.CEL 1,7/38 TENCEL BRIGHT LENZING/CETE"
,rowwhite,,KG,KG,1,0,0,KG,1,0,0201020000,0001,,0201,,MAT,0,0,0,0,A,,D,N,N,,0,0,,,0,D,VK,11.11.2002 11:37:02,VX,02.06.2009 14:33:20,,,,,,,099,0,,N,,,N,,,31000,0441284,,,,,,,N,,N,0111112,,0,0,0,0,0,0,0,0,0,,,N,0,,,,,N,0,0,,,N,,,0,0,0,0,0,0,0,0,0,0,0,0,0,0,0,0,0,,0,0,0,0,,,,0,0,0,0,,0,0,,,,,,,,,,1,0,0,0,0,0,0,0,0,0,1,0,,0,0,,0,0,0,0,0,0,0,0,0,0,0,0,0,0,0,0,0,0,0,0,0,0,0,0,0,0,,,,,,,,,,0,0,,,,,,,,,.  .       :  :,,,,,,9909219,9909219,"VL.CEL 1,7/38 TYPE B-A CETEX (2.KV)"
,rowwhite,,KG,KG,1,0,0,KG,1,0,0201020000,0001,,0201,,MAT,0,0,0,0,A,,D,N,N,,0,0,,,0,D,VK,11.11.2002 11:45:42,VX,02.06.2009 14:33:28,,,,,,,099,0,,N,,,N,,,31000,0441284,,,,,,,N,,N,0111112,,0,0,0,0,0,0,0,0,0,,,N,0,,,,,N,0,0,,,N,,,0,0,0,0,0,0,0,0,0,0,0,0,0,0,0,0,0,,0,0,0,0,,,,0,0,0,0,,0,0,,,,,,,,,,1,0,0,0,0,0,0,0,0,0,1,0,,0,0,,0,0,0,0,0,0,0,0,0,0,0,0,0,0,0,0,0,0,0,0,0,0,0,0,0,0,,,,,,,,,,0,0,,,,,,,,,.  .       :  :,,,,,,9909220,9909220,"VL.CEL 1,7/38 TYPE B-BR CETEX (2.KV)"
,,,KG,KOS,1,0,0,KOS,1,0,0201020000,,,0201,,MAT,0,0,0,0,A,,D,,N,,0,0,,,0,D,VM,07.03.2003 08:47:28,VQ,21.08.2008 14:40:36,,,,,,,,0,,N,,,,,,,,,,,,,,,,N,0111112,,0,0,0,0,0,0,0,0,0,,,,0,,,,,,0,0,,,,,,0,0,0,0,0,0,0,0,0,0,0,0,0,0,0,0,0,,0,0,0,0,,,,0,0,0,0,,0,0,,,,,,,,,,0,0,0,0,0,0,0,0,0,0,1,0,,0,0,,0,0,0,0,0,0,0,0,0,0,0,0,0,0,0,0,0,0,0,0,0,0,0,0,0,0,,,,,,,,,,0,0,,,,,,,,,.  .       :  :,,,,,,9910136,9910136,"VL.CEL 1,7/38 TYPE D-IND CETEX"
,,,KG,KG,1,0,0,KOS,1,0,0201020000,,,0201,,MAT,0,0,0,0,A,,D,,N,,0,0,,,0,D,VX,06.03.2024 11:13:54,VX,06.03.2024 11:14:09,,,,,,,,0,,N,,,,,,31000,9903483,,,,,,,N,,N,0111112,,0,0,0,0,0,0,0,0,0,,,,0,,,,,,0,0,,,,,,0,0,0,0,0,0,0,0,0,0,0,0,0,0,0,0,0,,0,0,0,0,,,,0,0,0,0,,0,0,,,,,,,,,,1,0,0,0,0,0,0,0,0,0,1,0,,0,0,,0,0,0,0,0,0,0,0,0,0,0,0,0,0,0,0,0,0,0,0,0,0,0,0,0,0,,,,,,,,,,0,0,,,,,,,,,.  .       :  :,,,,,,9950714,9950714,"VL.CEL 1,7/38 WHITE GT FIBER"
,SIJAJ BARVA,,KG,KOS,1,0,0,KOS,1,0,0201020000,,,0201,,MAT,0,0,0,0,A,,D,,N,,0,0,,,0,D,VX,15.01.2004 09:47:52,VQ,21.08.2008 14:40:59,,,,,,,,0,,N,,,,,,,,,,,,,,,,N,0111112,,0,0,0,0,0,0,0,0,0,,,,0,,,,,,0,0,,,,,,0,0,0,0,0,0,0,0,0,0,0,0,0,0,0,0,0,,0,0,0,0,,,,0,0,0,0,,0,0,,,,,,,,,,0,0,0,0,0,0,0,0,0,0,1,0,,0,0,,0,0,0,0,0,0,0,0,0,0,0,0,0,0,0,0,0,0,0,0,0,0,0,0,0,0,,,,,,,,,,0,0,,,,,,,,,.  .       :  :,,,,,,9912202,9912202,"VL.CEL 1,7/38-40 BRIGHT (2.KV) LOZNICA"
,MAT BARVA,,KG,KOS,0,0,0,KOS,1,0,0201020000,,,0201,,MAT,0,0,0,0,A,,D,,N,,0,0,,,0,D,VX,15.01.2004 09:46:31,VX,20.07.2004 16:08:39,,,,,,,,0,,N,,,,,,,,,,,,,,,,N,0111112,,0,0,0,0,0,0,0,0,0,,,,0,,,,,,0,0,,,,,,0,0,0,0,0,0,0,0,0,0,0,0,0,0,0,0,0,,0,0,0,0,,,,0,0,0,0,,0,0,,,,,,,,,,0,0,0,0,0,0,0,0,0,0,1,0,,0,0,,0,0,0,0,0,0,0,0,0,0,0,0,0,0,0,0,0,0,0,0,0,0,0,0,0,0,,,,,,,,,,0,0,,,,,,,,,.  .       :  :,,,,,,9912200,9912200,"VL.CEL 1,7/38-40 DULL/MAT (2.KV) LOZNICA"
,,,KG,KG,1,0,0,KG,1,0,0201020000,0001,,0201,,MAT,0,0,0,0,A,,D,N,N,,1,0,,,0,D,U1,.  .       :  :,Y4,28.03.2023 13:30:21,,,,,,,099,0,,N,,,N,,,31000,0441284,,,,,,,N,,B,0111112,,0,0,0,0,0,0,0,0,0,,,N,0,,,,,N,0,0,,,N,,,0,0,0,0,0,0,0,0,0,0,0,0,0,0,0,0,0,,0,0,0,0,,,,0,0,0,0,,0,0,,,,,,,,,,1,0,0,0,0,0,0,0,0,0,1,0,,0,0,,0,0,0,0,0,0,0,0,0,0,0,0,0,0,0,0,0,0,0,0,0,0,0,0,0,0,,,,,,,,,,0,0,,,,,,,,,.  .       :  :,,,,,,0441284,0441284,"VL.CEL 1,7/38-51 DULL SNIACE (2.KV)"
,,,KG,KG,1,0,0,KOS,1,0,0201020000,,,0201,,MAT,0,0,0,0,A,,D,,N,,0,0,,,0,D,VK,05.01.2001 10:35:13,VX,14.01.2013 11:09:48,,,,,,,,0,5504.1000,N,,,,,,31000,9904218,,,,,,,N,,N,0111112,,0,0,0,0,0,0,0,0,0,,,,0,,,,,,0,0,,,,,,0,0,0,0,0,0,0,0,0,0,0,0,0,0,0,0,0,,0,0,0,0,,,,0,0,0,0,,0,0,,,,,,,,,,1,0,0,0,0,0,0,0,0,0,1,0,,0,0,,0,0,0,0,0,0,0,0,0,0,0,0,0,0,0,0,0,0,0,0,0,0,0,0,0,0,,,,,,,,,,0,0,,,,,,,,,.  .       :  :,,,,,,9904218,9904218,"VL.CEL 1,7/40 BRIGHT SNIACE (2.KV)"
,,,KG,KOS,1,0,0,KOS,1,0,0201020000,,,0201,,MAT,0,0,0,0,A,,D,,N,022210,0,0,,,0,D,VX,07.01.2022 14:22:48,Y4,31.01.2023 16:04:16,,,,,,,,0,,N,,,,,,,,,,,,,,,,B,0111112,,0,0,0,0,0,0,0,0,0,,,,0,,,,,,0,0,,,,,,0,0,0,0,0,0,0,0,0,0,0,0,0,0,0,0,0,,0,0,0,0,,,,0,0,0,0,,0,0,,,,,,,,,,0,0,0,0,0,0,0,0,0,0,1,0,,0,0,,0,0,0,0,0,0,0,0,0,0,0,0,0,0,0,0,0,0,0,0,0,0,0,0,0,0,,,,,,,,,,0,0,,,,,,,,,.  .       :  :,,,,,,9947323,9947323,"VL.CEL 1,7/40 BRIGHT SUBST. LENZING"
,POTRJEN TDS 2023,PECF CERTIFIKAT - SCS-PEFC-COC-008618,KG,KOS,1,0,0,KOS,1,0,0201020000,,,0201,,MAT,0,0,0,0,A,,D,,N,,0,0,,,0,D,VY,14.05.2008 09:16:53,Y4,21.08.2024 13:42:13,,,,,,,,0,,N,,,,,,,,,,,,,,,,B,0111112,,0,0,0,0,0,0,0,0,0,,,,0,,,,,,0,0,,,,,,0,0,0,0,0,25552,43100,0,0,0,0,0,0,0,0,0,0,,0,0,0,0,,,,0,0,0,0,,0,0,,,,,,,,,,0,0,0,0,0,0,0,0,0,0,1,0,,0,0,,0,0,0,0,0,0,0,0,0,0,0,0,0,0,0,0,0,0,0,0,0,0,0,0,0,0,,,,,,,,,,0,0,,,,,,,,,.  .       :  :,,,,,,9922754,9922754,"VL.CEL 1,7/40 DULL NW ECO LENZING"
,,,KG,KOS,1,0,0,KOS,1,0,0201020000,,,,,MAT,0,0,0,0,A,,D,,N,,1,0,,,0,D,VX,31.01.2011 10:08:46,VX,09.02.2015 10:08:06,,AT,,,,,,0,5504.1000,N,,,,,,,,,,,,,,,,N,,,0,0,0,0,0,0,0,0,0,,,,0,,,I,,,0,0,,,,,,0,0,0,0,0,0,0,0,0,0,0,0,0,0,0,0,0,,0,0,0,0,,,,0,0,0,0,,0,0,,,,,,,,,,0,0,0,0,0,0,0,0,0,0,1,0,,0,0,,0,0,0,0,0,0,0,0,0,0,0,0,0,0,0,0,0,0,0,0,0,0,0,0,0,0,,,,,,,,,,0,0,,,,,,,,,.  .       :  :,,,,,,9928812,9928812,"VL.CEL 1,7/40 DULL NW LENZING"
,KVALITETA Z ODSTOPANJI V VLAŽNOSTI,,KG,KOS,1,0,0,KOS,1,0,0201020000,,,0201,,MAT,0,0,0,0,A,,D,,N,022210,0,0,,,0,D,VY,14.05.2008 09:18:21,Y4,29.07.2024 14:43:24,,,,,,,,0,,N,,,,,,,,,,,,,,,,B,0111112,,0,0,0,0,0,0,0,0,0,,,,0,,,,,,0,0,,,,,,0,0,0,0,0,0,0,0,0,0,0,0,0,0,0,0,0,,0,0,0,0,,,,0,0,0,0,,0,0,,,,,,,,,,0,0,0,0,0,0,0,0,0,0,1,0,,0,0,,0,0,0,0,0,0,0,0,0,0,0,0,0,0,0,0,0,0,0,0,0,0,0,0,0,0,,,,,,,,,,0,0,,,,,,,,,.  .       :  :,,,,,,9922755,9922755,"VL.CEL 1,7/40 DULL NW SPEC. LOT LENZING"
,,,KG,KOS,1,0,0,KOS,1,0,0201020000,,,0201,,MAT,0,0,0,0,A,,D,,N,022210,0,0,,,0,D,VX,29.04.2005 14:19:43,Y4,28.03.2023 13:31:06,,,,,,,,0,,N,,,,,,,,,,,,,,,,B,0111112,,0,0,0,0,0,0,0,0,0,,,,0,,,,,,0,0,,,,,,0,0,0,0,0,0,0,0,0,0,0,0,0,0,0,0,0,,0,0,0,0,,,,0,0,0,0,,0,0,,,,,,,,,,0,0,0,0,0,0,0,0,0,0,1,0,,0,0,,0,0,0,0,0,0,0,0,0,0,0,0,0,0,0,0,0,0,0,0,0,0,0,0,0,0,,,,,,,,,,0,0,,,,,,,,,.  .       :  :,,,,,,9915184,9915184,"VL.CEL 1,7/40 DULL SUBST. LENZING"
,,,KG,KOS,1,0,0,KOS,1,0,0201020000,,,0201,,MAT,0,0,0,0,A,,D,,N,,0,0,,,0,D,VX,24.08.2004 16:23:17,VX,02.06.2009 14:34:24,,,,,,,,0,,N,,,,,,,,,,,,,,,,N,0111112,,0,0,0,0,0,0,0,0,0,,,,0,,,,,,0,0,,,,,,0,0,0,0,0,0,0,0,0,0,0,0,0,0,0,0,0,,0,0,0,0,,,,0,0,0,0,,0,0,,,,,,,,,,0,0,0,0,0,0,0,0,0,0,1,0,,0,0,,0,0,0,0,0,0,0,0,0,0,0,0,0,0,0,0,0,0,0,0,0,0,0,0,0,0,,,,,,,,,,0,0,,,,,,,,,.  .       :  :,,,,,,9913736,9913736,"VL.CEL 1,7/40 DULLWHITE TYPE 0499 M.BUSS"
,,,KG,KOS,1,0,0,KOS,1,0,0201020000,,,0201,,MAT,0,0,0,0,A,,D,,N,,0,0,,,0,D,VX,24.08.2004 16:22:32,VX,02.06.2009 14:34:33,,,,,,,,0,,N,,,,,,,,,,,,,,,,N,0111112,,0,0,0,0,0,0,0,0,0,,,,0,,,,,,0,0,,,,,,0,0,0,0,0,0,0,0,0,0,0,0,0,0,0,0,0,,0,0,0,0,,,,0,0,0,0,,0,0,,,,,,,,,,0,0,0,0,0,0,0,0,0,0,1,0,,0,0,,0,0,0,0,0,0,0,0,0,0,0,0,0,0,0,0,0,0,0,0,0,0,0,0,0,0,,,,,,,,,,0,0,,,,,,,,,.  .       :  :,,,,,,9913735,9913735,"VL.CEL 1,7/40 DULLWHITE TYPE 0500 M.BUSS"
,MAT,,KG,KG,1,0,0,KOS,1,0,0201020000,,,0201,,MAT,0,0,0,0,A,,D,,N,,0,0,,,0,D,VY,30.04.2008 12:29:28,VQ,05.06.2008 14:48:40,,,,,,,,0,5504.1000,N,,,,,,31000,9904218,,,,,,,N,,N,0111112,,0,0,0,0,0,0,0,0,0,,,,0,,,,,,0,0,,,,,,0,0,0,0,0,0,0,0,0,0,0,0,0,0,0,0,0,,0,0,0,0,,,,0,0,0,0,,0,0,,,,,,,,,,1,0,0,0,0,0,0,0,0,0,1,0,,0,0,,0,0,0,0,0,0,0,0,0,0,0,0,0,0,0,0,0,0,0,0,0,0,0,0,0,0,,,,,,,,,,0,0,,,,,,,,,.  .       :  :,,,,,,9922706,9922706,"VL.CEL 1,7/40 M DANUFIL TYPE V KELHEIM"
,,,KG,KG,1,0,0,KOS,1,0,0201020000,,,0201,,MAT,0,0,0,0,A,,D,,N,022210,0,0,,,0,D,VK,07.03.2002 08:24:53,VX,02.06.2009 14:34:46,,,,,,,,0,,N,,,,,,31000,9904218,,,,,,,N,,N,0111112,,0,0,0,0,0,0,0,0,0,,,,0,,,,,,0,0,,,,,,0,0,0,0,0,0,0,0,0,0,0,0,0,0,0,0,0,,0,0,0,0,,,,0,0,0,0,,0,0,,,,,,,,,,1,0,0,0,0,0,0,0,0,0,1,0,,0,0,,0,0,0,0,0,0,0,0,0,0,0,0,0,0,0,0,0,0,0,0,0,0,0,0,0,0,,,,,,,,,,0,0,,,,,,,,,.  .       :  :,,,,,,9907320,9907320,"VL.CEL 1,7/40 PROMOS ŠVEDSKA 965E(1 KV.)"
,,,KG,KG,1,0,0,KOS,1,0,0201020000,,,0201,,MAT,0,0,0,0,A,,D,,N,,0,0,,,0,D,VK,07.03.2002 08:28:02,VX,02.06.2009 14:34:57,,,,,,,,0,,N,,,,,,31000,9904218,,,,,,,N,,N,0111112,,0,0,0,0,0,0,0,0,0,,,,0,,,,,,0,0,,,,,,0,0,0,0,0,0,0,0,0,0,0,0,0,0,0,0,0,,0,0,0,0,,,,0,0,0,0,,0,0,,,,,,,,,,1,0,0,0,0,0,0,0,0,0,1,0,,0,0,,0,0,0,0,0,0,0,0,0,0,0,0,0,0,0,0,0,0,0,0,0,0,0,0,0,0,,,,,,,,,,0,0,,,,,,,,,.  .       :  :,,,,,,9907321,9907321,"VL.CEL 1,7/40 PROMOS ŠVEDSKA 965E(2 KV.)"
,,,KG,KOS,1,0,0,KOS,1,0,0201020000,,,0201,,MAT,0,0,0,0,A,,D,,N,,0,0,,,0,D,VX,24.08.2004 16:21:03,VQ,21.08.2008 14:44:40,,,,,,,,0,,N,,,,,,,,,,,,,,,,K,0111112,,0,0,0,0,0,0,0,0,0,,,,0,,,,,,0,0,,,,,,0,0,0,0,0,0,0,0,0,0,0,0,0,0,0,0,0,,0,0,0,0,,,,0,0,0,0,,0,0,,,,,,,,,,0,0,0,0,0,0,0,0,0,0,1,0,,0,0,,0,0,0,0,0,0,0,0,0,0,0,0,0,0,0,0,0,0,0,0,0,0,0,0,0,0,,,,,,,,,,0,0,,,,,,,,,.  .       :  :,,,,,,9913734,9913734,"VL.CEL 1,7/40 RAWWHITE TYPE 0252 M.BUSS"
,rowwhite,,KG,KG,1,0,0,KG,1,0,0201020000,0001,,0201,,MAT,0,0,0,0,A,,D,N,N,,1,0,,,0,D,VX,20.10.2014 08:22:55,VX,15.12.2014 13:43:08,,AT,,,,,099,0,5504.1000,N,,,N,,,31000,0441284,,,,,,,N,,N,0111112,,0,0,0,0,0,0,0,0,0,,,N,0,,,I,,N,0,0,,,N,,,0,0,0,0,0,0,0,0,0,0,0,0,0,0,0,0,0,,0,0,0,0,,,,0,0,0,0,,0,0,,,,,,,,,,1,0,0,0,0,0,0,0,0,0,1,0,,0,0,,0,0,0,0,0,0,0,0,0,0,0,0,0,0,0,0,0,0,0,0,0,0,0,0,0,0,,,,,,,,,,0,0,,,,,,,,,.  .       :  :,,,,,,9937380,9937380,"VL.CEL 1,7/40 T:J-AT DULL SUB.LENZ/CETEX"
,,,KG,KOS,1,0,0,KOS,1,0,0201020000,,,0201,,MAT,0,0,0,0,A,,D,,N,,0,0,,,0,D,VX,07.09.2021 14:31:46,Y5,31.05.2022 11:51:10,,,,,,,,0,,N,,,,,,,,,,,,,,,,B,0111112,,0,0,0,0,0,0,0,0,0,,,,0,,,,,,0,0,,,,,,0,0,0,0,0,0,0,0,0,0,0,0,0,0,0,0,0,,0,0,0,0,,,,0,0,0,0,,0,0,,,,,,,,,,0,0,0,0,0,0,0,0,0,0,1,0,,0,0,,0,0,0,0,0,0,0,0,0,0,0,0,0,0,0,0,0,0,0,0,0,0,0,0,0,0,,,,,,,,,,0,0,,,,,,,,,.  .       :  :,,,,,,9947036,9947036,"VL.CEL 1,7/42 DULL SUBST. LENZING/CETEX"
,,,KG,KOS,1,0,0,KOS,1,0,0201020000,,,0201,,MAT,0,0,0,0,A,,D,,N,022210,0,0,,,0,D,VX,23.02.2022 11:28:52,VX,23.02.2022 11:30:18,,,,,,,,0,,N,,,,,,,,,,,,,,,,B,0111112,,0,0,0,0,0,0,0,0,0,,,,0,,,,,,0,0,,,,,,0,0,0,0,0,0,0,0,0,0,0,0,0,0,0,0,0,,0,0,0,0,,,,0,0,0,0,,0,0,,,,,,,,,,0,0,0,0,0,0,0,0,0,0,1,0,,0,0,,0,0,0,0,0,0,0,0,0,0,0,0,0,0,0,0,0,0,0,0,0,0,0,0,0,0,,,,,,,,,,0,0,,,,,,,,,.  .       :  :,,,,,,9947492,9947492,"VL.CEL 1,7/50 DULL SUBST. LENZING"
,,,KG,KG,0,0,0,KOS,1,0,0201020000,0001,,0201,,MAT,0,0,0,0,A,,D,N,N,,0,0,,,0,D,VL,10.08.1999 09:56:43,VX,20.07.2004 16:09:23,,,,,,,,0,,N,,,N,,,31000,9900799,,,,,,,N,,K,0111112,,0,0,0,0,0,0,0,0,0,,,,0,,,,,N,0,0,,,N,,,0,0,0,0,0,0,0,0,0,0,0,0,0,0,0,0,0,,0,0,0,0,,,,0,0,0,0,,0,0,,,,,,,,,,1,0,0,0,0,0,0,0,0,0,1,0,,0,0,,0,0,0,0,0,0,0,0,0,0,0,0,0,0,0,0,0,0,0,0,0,0,0,0,0,0,,,,,,,,,,0,0,,,,,,,,,.  .       :  :,,,,,,9900799,9900799,"VL.CEL 1,7/50 FIBRAFIN SÄTERI (2.KV)"
,rowwhite,XXX BALE LENZING,KG,KG,1,0,0,KG,1,0,0201020000,0001,,0201,,MAT,0,0,0,0,A,,D,N,N,,1,0,,,0,D,VX,05.05.2020 13:52:47,VX,22.05.2020 10:01:36,,AT,,,,,099,0,5504.1000,N,,,N,,,31000,0441284,,,,,,,N,,B,0111112,,0,0,0,0,0,0,0,0,0,,,N,0,,,I,,N,0,0,,,N,,,0,0,0,0,0,0,0,0,0,0,0,0,0,0,0,0,0,,0,0,0,0,,,,0,0,0,0,,0,0,,,,,,,,,,1,0,0,0,0,0,0,0,0,0,1,0,,0,0,,0,0,0,0,0,0,0,0,0,0,0,0,0,0,0,0,0,0,0,0,0,0,0,0,0,0,,,,,,,,,,0,0,,,,,,,,,.  .       :  :,,,,,,9945259,9945259,"VL.CEL 1,7/50 MODAL BRIGHT SUBS.LENZING/"
,1. KVALITETA,,KG,KG,0,0,0,KOS,1,0,0201020000,,,0201,,MAT,0,0,0,0,A,,D,,N,,0,0,,,0,D,VM,25.01.2000 09:32:16,VX,20.07.2004 16:09:31,,,,,,,,0,,N,,,,,,31000,9901794,,,,,,,N,,K,0111112,,0,0,0,0,0,0,0,0,0,,,,0,,,,,,0,0,,,,,,0,0,0,0,0,0,0,0,0,0,0,0,0,0,0,0,0,,0,0,0,0,,,,0,0,0,0,,0,0,,,,,,,,,,1,0,0,0,0,0,0,0,0,0,1,0,,0,0,,0,0,0,0,0,0,0,0,0,0,0,0,0,0,0,0,0,0,0,0,0,0,0,0,0,0,,,,,,,,,,0,0,,,,,,,,,.  .       :  :,,,,,,9901794,9901794,"VL.CEL 1,7/51 DULL SNIACE (1.KV)"
,,,KG,KG,0,0,0, KG,1,0,0201020000,0001,,0201,,MAT,0,0,0,0,A,,D,N,N,,0,0,,,0,D,U1,.  .       :  :,VX,20.07.2004 16:09:40,,,,,,,099,0,,N,,,N,,,31000,0441137,,,,,,,N,,K,0111112,,0,0,0,0,0,0,0,0,0,,,N,0,,,,,N,0,0,,,N,,,0,0,0,0,0,0,0,0,0,0,0,0,0,0,0,0,0,,0,0,0,0,,,,0,0,0,0,,0,0,,,,,,,,,,1,0,0,0,0,0,0,0,0,0,1,0,,0,0,,0,0,0,0,0,0,0,0,0,0,0,0,0,0,0,0,0,0,0,0,0,0,0,0,0,0,,,,,,,,,,0,0,,,,,,,,,.  .       :  :,,,,,,0441137,0441137,"VL.CEL 1,7/60 LOZNICA (1.KV)"
,,,KG,KG,1,0,0,KOS,1,0,0201020000,,,0201,,MAT,0,0,0,0,A,,D,,N,,0,0,,,0,D,VX,05.09.2022 11:04:30,VX,05.09.2022 11:05:07,,,,,,,,0,,N,,,,,,31000,9903483,,,,,,,N,,N,0111112,,0,0,0,0,0,0,0,0,0,,,,0,,,,,,0,0,,,,,,0,0,0,0,0,0,0,0,0,0,0,0,0,0,0,0,0,,0,0,0,0,,,,0,0,0,0,,0,0,,,,,,,,,,1,0,0,0,0,0,0,0,0,0,1,0,,0,0,,0,0,0,0,0,0,0,0,0,0,0,0,0,0,0,0,0,0,0,0,0,0,0,0,0,0,,,,,,,,,,0,0,,,,,,,,,.  .       :  :,,,,,,9948062,9948062,"VL.CEL 2,2/51 DULL SUBSTAND.LENZING/CET"
,2. KVALITETA,,KG,KG,1,0,0,KOS,1,0,0201020000,,,0201,,MAT,0,0,0,0,A,,D,N,N,,1,0,,,0,D,VX,23.04.2024 11:00:06,Y5,23.04.2024 11:57:24,,,,,,,,0,,N,,,,,,31000,9901796,,,,,,,N,,B,0111112,,0,0,0,0,0,0,0,0,0,,,,0,,,,,,0,0,,,,,,0,0,0,0,0,0,0,0,0,0,0,0,0,0,0,0,0,,0,0,0,0,,,,0,0,0,0,,0,0,,,,,,,,,,1,0,0,0,0,0,0,0,0,0,1,0,,0,0,,0,0,0,0,0,0,0,0,0,0,0,0,0,0,0,0,0,0,0,0,0,0,0,0,0,0,,,,,,,,,,0,0,,,,,,,,,.  .       :  :,,,,,,9950905,9950905,"VL.CEL 2,5/38 SUBST. BRIGHT MODAL LENZIN"
,2. KVALITETA,,KG,KG,1,0,0,KOS,1,0,0201020000,,,0201,,MAT,0,0,0,0,A,,D,N,N,,1,0,,,0,D,VX,05.05.2020 13:56:26,Y4,31.07.2024 08:26:06,,,,,,,,0,,N,,,,,,31000,9901796,,,,,,,N,,B,0111112,,0,0,0,0,0,0,0,0,0,,,,0,,,,,,0,0,,,,,,0,0,0,0,0,0,0,0,0,0,0,0,0,0,0,0,0,,0,0,0,0,,,,0,0,0,0,,0,0,,,,,,,,,,1,0,0,0,0,0,0,0,0,0,1,0,,0,0,,0,0,0,0,0,0,0,0,0,0,0,0,0,0,0,0,0,0,0,0,0,0,0,0,0,0,,,,,,,,,,0,0,,,,,,,,,.  .       :  :,,,,,,9945260,9945260,"VL.CEL 2,8/38 SUBST. DULL LENZING"
,2. KVALITETA,,KG,KG,1,0,0,KOS,1,0,0201020000,,,0201,,MAT,0,0,0,0,A,,D,,N,,0,0,,,0,D,VX,09.12.2019 11:06:42,Y4,07.05.2020 10:44:28,,,,,,,,0,,N,,,,,,31000,9901796,,,,,,,N,,N,0111112,,0,0,0,0,0,0,0,0,0,,,,0,,,,,,0,0,,,,,,0,0,0,0,0,0,0,0,0,0,0,0,0,0,0,0,0,,0,0,0,0,,,,0,0,0,0,,0,0,,,,,,,,,,1,0,0,0,0,0,0,0,0,0,1,0,,0,0,,0,0,0,0,0,0,0,0,0,0,0,0,0,0,0,0,0,0,0,0,0,0,0,0,0,0,,,,,,,,,,0,0,,,,,,,,,.  .       :  :,,,,,,9944699,9944699,"VL.CEL 2,8/50 LENZING SUBSTAND. CETEX"
,2. KVALITETA,,KG,KG,0,0,0,KOS,1,0,0201020000,,,0201,,MAT,0,0,0,0,A,,D,,N,,0,0,,,0,D,VM,25.01.2000 09:37:10,VX,20.07.2004 16:09:49,,,,,,,,0,,N,,,,,,31000,9901796,,,,,,,N,,K,0111112,,0,0,0,0,0,0,0,0,0,,,,0,,,,,,0,0,,,,,,0,0,0,0,0,0,0,0,0,0,0,0,0,0,0,0,0,,0,0,0,0,,,,0,0,0,0,,0,0,,,,,,,,,,1,0,0,0,0,0,0,0,0,0,1,0,,0,0,,0,0,0,0,0,0,0,0,0,0,0,0,0,0,0,0,0,0,0,0,0,0,0,0,0,0,,,,,,,,,,0,0,,,,,,,,,.  .       :  :,,,,,,9901796,9901796,"VL.CEL 2,8/51 DULL SNIACE (2.KV)"
,,,KG,KG,1,0,0,KOS,1,0,0201020000,,,0201,,MAT,0,0,0,0,A,,D,,N,,0,0,,,0,D,VX,20.12.2021 08:50:25,Y4,29.05.2024 13:03:00,,,,,,,,0,,N,,,,,,31000,9903483,,,,,,,N,,N,0111112,,0,0,0,0,0,0,0,0,0,,,,0,,,,,,0,0,,,,,,0,0,0,0,0,0,0,0,0,0,0,0,0,0,0,0,0,,0,0,0,0,,,,0,0,0,0,,0,0,,,,,,,,,,1,0,0,0,0,0,0,0,0,0,1,0,,0,0,,0,0,0,0,0,0,0,0,0,0,0,0,0,0,0,0,0,0,0,0,0,0,0,0,0,0,,,,,,,,,,0,0,,,,,,,,,.  .       :  :,,,,,,9947290,9947290,"VL.CEL 3,1/40 DULL NW ECO LENZING"
,,,KG,KG,1,0,0,KOS,1,0,0201020000,,,0201,,MAT,0,0,0,0,A,,D,,N,,0,0,,,0,D,VX,09.12.2019 11:05:32,Y5,29.11.2021 11:56:44,,,,,,,,0,,N,,,,,,31000,9903483,,,,,,,N,,B,0111112,,0,0,0,0,0,0,0,0,0,,,,0,,,,,,0,0,,,,,,0,0,0,0,0,0,0,0,0,0,0,0,0,0,0,0,0,,0,0,0,0,,,,0,0,0,0,,0,0,,,,,,,,,,1,0,0,0,0,0,0,0,0,0,1,0,,0,0,,0,0,0,0,0,0,0,0,0,0,0,0,0,0,0,0,0,0,0,0,0,0,0,0,0,0,,,,,,,,,,0,0,,,,,,,,,.  .       :  :,,,,,,9944698,9944698,"VL.CEL 3,1/40 DULL SUBSTAND.LENZING/CET"
,,,KG,KG,1,0,0,KOS,1,0,0201020000,,,0201,,MAT,0,0,0,0,A,,D,,N,,0,0,,,0,D,VK,07.03.2002 08:28:26,VX,20.07.2004 16:09:57,,,,,,,,0,,N,,,,,,31000,9904218,,,,,,,N,,K,0111112,,0,0,0,0,0,0,0,0,0,,,,0,,,,,,0,0,,,,,,0,0,0,0,0,0,0,0,0,0,0,0,0,0,0,0,0,,0,0,0,0,,,,0,0,0,0,,0,0,,,,,,,,,,1,0,0,0,0,0,0,0,0,0,1,0,,0,0,,0,0,0,0,0,0,0,0,0,0,0,0,0,0,0,0,0,0,0,0,0,0,0,0,0,0,,,,,,,,,,0,0,,,,,,,,,.  .       :  :,,,,,,9907322,9907322,"VL.CEL 3,1/60 PROMOS ŠVEDSKA 964 (1 KV.)"
,,,KG,KG,1,0,0,KOS,1,0,0201020000,,,0201,,MAT,0,0,0,0,A,,D,,N,,0,0,,,0,D,VK,07.03.2002 08:29:20,VX,20.07.2004 16:10:09,,,,,,,,0,,N,,,,,,31000,9904218,,,,,,,N,,K,0111112,,0,0,0,0,0,0,0,0,0,,,,0,,,,,,0,0,,,,,,0,0,0,0,0,0,0,0,0,0,0,0,0,0,0,0,0,,0,0,0,0,,,,0,0,0,0,,0,0,,,,,,,,,,1,0,0,0,0,0,0,0,0,0,1,0,,0,0,,0,0,0,0,0,0,0,0,0,0,0,0,0,0,0,0,0,0,0,0,0,0,0,0,0,0,,,,,,,,,,0,0,,,,,,,,,.  .       :  :,,,,,,9907323,9907323,"VL.CEL 3,1/60 PROMOS ŠVEDSKA 964 (2 KV.)"
,,,KG,KOS,1,0,0,KOS,1,0,0201020000,,,,,MAT,0,0,0,0,A,,D,,N,,0,0,,,0,D,VX,23.09.2019 10:41:36,Y4,03.10.2019 16:16:17,,,,,,,,0,,N,,,,,,,,,,,,,,,,N,,,0,0,0,0,0,0,0,0,0,,,,0,,,,,,0,0,,,,,,0,0,0,0,0,0,0,0,0,0,0,0,0,0,0,0,0,,0,0,0,0,,,,0,0,0,0,,0,0,,,,,,,,,,0,0,0,0,0,0,0,0,0,0,1,0,,0,0,,0,0,0,0,0,0,0,0,0,0,0,0,0,0,0,0,0,0,0,0,0,0,0,0,0,0,,,,,,,,,,0,0,,,,,,,,,.  .       :  :,,,,,,9944402,9944402,"VL.CEL 3,3/30 T:02B WHITE SUBST. CETEX"
,,,KG,KOS,1,0,0,KOS,1,0,0201020000,,,,,MAT,0,0,0,0,A,,D,,N,,1,0,,,0,D,VX,07.01.2021 11:37:52,UZ,06.03.2021 19:38:44,,AT,,,,,,0,5504.1000,N,,,,,,,,,,,,,,,,B,,,0,0,0,0,0,0,0,0,0,,,,0,,,I,,,0,0,,,,,,0,0,0,0,0,0,0,0,0,0,0,0,0,0,0,0,0,,0,0,0,0,,,,0,0,0,0,,0,0,,,,,,,,,,0,0,0,0,0,0,0,0,0,0,1,0,,0,0,,0,0,0,0,0,0,0,0,0,0,0,0,0,0,0,0,0,0,0,0,0,0,0,0,0,0,,,,,,,,,,0,0,,,,,,,,,.  .       :  :,,,,,,9946179,9946179,"VL.CEL 3,3/40 BRIGHT SUBSTAND.LENZING/CE"
,TRILOBAL,,KG,KOS,1,0,0,KOS,1,0,0201020000,,,,,MAT,0,0,0,0,A,,D,,N,,1,0,,,0,D,VX,17.05.2024 12:55:25,UZ,03.06.2024 07:05:15,,AT,,,,,,0,5504.1000,N,,,,,,,,,,,,,,,,B,,,0,0,0,0,0,0,0,0,0,,,,0,,,I,,,0,0,,,,,,0,0,0,0,0,0,0,0,0,0,0,0,0,0,0,0,0,,0,0,0,0,,,,0,0,0,0,,0,0,,,,,,,,,,0,0,0,0,0,0,0,0,0,0,1,0,,0,0,,0,0,0,0,0,0,0,0,0,0,0,0,0,0,0,0,0,0,0,0,0,0,0,0,0,0,,,,,,,,,,0,0,,,,,,,,,.  .       :  :,,,,,,9951022,9951022,"VL.CEL 3,3/40 BRIGHT VISCOSTAR LENZING"
,,,KG,KG,0,0,0,KOS,1,0,0201020000,,,0201,,MAT,0,0,0,0,A,,D,,N,,0,0,,,0,D,VK,27.09.2000 16:27:12,VX,20.07.2004 16:10:19,,,,,,,,0,,N,,,,,,31000,9903483,,,,,,,N,,K,0111112,,0,0,0,0,0,0,0,0,0,,,,0,,,,,,0,0,,,,,,0,0,0,0,0,0,0,0,0,0,0,0,0,0,0,0,0,,0,0,0,0,,,,0,0,0,0,,0,0,,,,,,,,,,1,0,0,0,0,0,0,0,0,0,1,0,,0,0,,0,0,0,0,0,0,0,0,0,0,0,0,0,0,0,0,0,0,0,0,0,0,0,0,0,0,,,,,,,,,,0,0,,,,,,,,,.  .       :  :,,,,,,9903483,9903483,"VL.CEL 3,3/40 DULL SNIACE (3.KV)"
,,,KG,KOS,1,0,0,KOS,1,0,0201020000,,,,,MAT,0,0,0,0,A,,D,,N,,1,0,,,0,D,VX,10.02.2021 10:34:49,UZ,06.03.2021 19:40:04,,AT,,,,,,0,5504.1000,N,,,,,,,,,,,,,,,,B,,,0,0,0,0,0,0,0,0,0,,,,0,,,I,,,0,0,,,,,,0,0,0,0,0,0,0,0,0,0,0,0,0,0,0,0,0,,0,0,0,0,,365,,0,0,0,0,,0,0,,,,,,,,,,0,0,0,0,0,0,0,0,0,0,1,0,,0,0,,0,0,0,0,0,0,0,0,0,0,0,0,0,0,0,0,0,0,0,0,0,0,0,0,0,0,,,,,,,,,,0,0,,,,,,,,,.  .       :  :,,,,,,9946310,9946310,"VL.CEL 3,3/40 DULL TYPE 0665 KELHEIM"
,,,KG,KOS,1,0,0,KOS,1,0,0201020000,,,0201,,MAT,0,0,0,0,A,,D,,N,,0,0,,,0,D,VX,24.08.2004 16:24:01,VQ,21.08.2008 14:45:30,,,,,,,,0,,N,,,,,,,,,,,,,,,,K,0111112,,0,0,0,0,0,0,0,0,0,,,,0,,,,,,0,0,,,,,,0,0,0,0,0,0,0,0,0,0,0,0,0,0,0,0,0,,0,0,0,0,,,,0,0,0,0,,0,0,,,,,,,,,,0,0,0,0,0,0,0,0,0,0,1,0,,0,0,,0,0,0,0,0,0,0,0,0,0,0,0,0,0,0,0,0,0,0,0,0,0,0,0,0,0,,,,,,,,,,0,0,,,,,,,,,.  .       :  :,,,,,,9913737,9913737,"VL.CEL 3,3/40 H.ABSORB. TYPE 0538 M.BUSS"
,,,KG,KG,1,0,0,KOS,1,0,0201020000,,,0201,,MAT,0,0,0,0,A,,D,N,N,,1,0,,,0,D,VX,09.04.2020 14:29:49,VX,22.05.2020 09:45:13,,,,,,,,0,,N,,,,,,31000,9903445,,,,,,,N,,B,0111112,,0,0,0,0,0,0,0,0,0,,,,0,,,,,,0,0,,,,,,0,0,0,0,0,0,0,0,0,0,0,0,0,0,0,0,0,,0,0,0,0,,,,0,0,0,0,,0,0,,,,,,,,,,1,0,0,0,0,0,0,0,0,0,1,0,,0,0,,0,0,0,0,0,0,0,0,0,0,0,0,0,0,0,0,0,0,0,0,0,0,0,0,0,0,,,,,,,,,,0,0,,,,,,,,,.  .       :  :,,,,,,9945179,9945179,"VL.CEL 3,3/40-60 DULL SNIACE 1ST QUALITY"
,,,KG,KG,1,0,0,KOS,1,0,0201020000,,,0201,,MAT,0,0,0,0,A,,D,N,N,,1,0,,,0,D,VK,22.09.2000 13:06:37,VX,08.06.2020 14:33:29,,,,,,,,0,,N,,,,,,31000,9903445,,,,,,,N,,B,0111112,,0,0,0,0,0,0,0,0,0,,,,0,,,,,,0,0,,,,,,0,0,0,0,0,0,0,0,0,0,0,0,0,0,0,0,0,,0,0,0,0,,,,0,0,0,0,,0,0,,,,,,,,,,1,0,0,0,0,0,0,0,0,0,1,0,,0,0,,0,0,0,0,0,0,0,0,0,0,0,0,0,0,0,0,0,0,0,0,0,0,0,0,0,0,,,,,,,,,,0,0,,,,,,,,,.  .       :  :,,,,,,9903445,9903445,"VL.CEL 3,3/40-60 DULL SNIACE SUBSTANDARD"
,,,KG,KG,0,0,0, KG,1,0,0201020000,0001,,0201,,MAT,0,0,0,0,A,,D,N,N,,0,0,,,0,D,U1,.  .       :  :,VX,20.07.2004 16:10:55,,,,,,,099,0,,N,,,N,,1037/980,31000,0440699,,,,,,,N,,K,0111112,,0,0,0,0,0,0,0,0,0,,,N,0,,,,,N,0,0,,,N,,,0,0,0,0,0,0,0,0,0,0,0,0,0,0,0,0,0,,0,0,0,0,,,,0,0,0,0,,0,0,,,,,,,,,,1,0,0,0,0,0,0,0,0,0,1,0,,0,0,,0,0,0,0,0,0,0,0,0,0,0,0,0,0,0,0,0,0,0,0,0,0,0,0,0,0,,,,,,,,,,0,0,,,,,,,,,.  .       :  :,,,,,,0440699,0440699,"VL.CEL 3,3/57-60 FIBRAFIN SATE (1.KV)"
,INDO-BHARAT RAYON,,KG,KOS,1,0,0,KOS,1,0,0201020000,,,0201,,MAT,0,0,0,0,A,,D,,N,022210,0,0,,,0,D,VY,15.01.2009 14:45:33,VY,15.01.2009 14:45:33,,,,,,,,0,,N,,,,,,,,,,,,,,,,N,0111112,,0,0,0,0,0,0,0,0,0,,,,0,,,,,,0,0,,,,,,0,0,0,0,0,0,0,0,0,0,0,0,0,0,0,0,0,,0,0,0,0,,,,0,0,0,0,,0,0,,,,,,,,,,0,0,0,0,0,0,0,0,0,0,1,0,,0,0,,0,0,0,0,0,0,0,0,0,0,0,0,0,0,0,0,0,0,0,0,0,0,0,0,0,0,,,,,,,,,,0,0,,,,,,,,,.  .       :  :,,,,,,9923904,9923904,"VL.CEL 3,3/60 BLACK SHADE NO 1450 BIRLA"
,,,KG,KOS,1,0,0,KOS,1,0,0201020000,,,,,MAT,0,0,0,0,A,,D,,N,,1,0,,,0,D,VX,17.12.2021 08:46:57,VX,17.12.2021 08:47:48,,AT,,,,,,0,5504.1000,N,,,,,,,,,,,,,,,,B,,,0,0,0,0,0,0,0,0,0,,,,0,,,I,,,0,0,,,,,,0,0,0,0,0,0,0,0,0,0,0,0,0,0,0,0,0,,0,0,0,0,,,,0,0,0,0,,0,0,,,,,,,,,,0,0,0,0,0,0,0,0,0,0,1,0,,0,0,,0,0,0,0,0,0,0,0,0,0,0,0,0,0,0,0,0,0,0,0,0,0,0,0,0,0,,,,,,,,,,0,0,,,,,,,,,.  .       :  :,,,,,,9947287,9947287,"VL.CEL 3,3/60 BRIGHT LENZING"
,,,KG,KOS,1,0,0,KOS,1,0,0201020000,,,0201,,MAT,0,0,0,0,A,,D,,N,022210,0,0,,,0,D,VX,25.09.2018 08:58:40,Y4,03.10.2019 15:57:03,,,,,,,,0,5504.1000,N,,,,,,,,,,,,,,,,N,0111112,,0,0,0,0,0,0,0,0,0,,,,0,,,I,,,0,0,,,,,,0,0,0,0,0,0,0,0,0,0,0,0,0,0,0,0,0,,0,0,0,0,,,,0,0,0,0,,0,0,,,,,,,,,,0,0,0,0,0,0,0,0,0,0,1,0,,0,0,,0,0,0,0,0,0,0,0,0,0,0,0,0,0,0,0,0,0,0,0,0,0,0,0,0,0,,,,,,,,,,0,0,,,,,,,,,.  .       :  :,,,,,,9942845,9942845,"VL.CEL 3,3/60 BRIGHT VISCOCEL (1.KV)"
,,,KG,KOS,1,0,0,KOS,1,0,0201020000,,,0201,,MAT,0,0,0,0,A,,D,N,N,022210,1,0,,,0,D,VX,01.12.2005 08:55:42,VX,10.01.2020 13:29:57,,,,,,,,0,5504.1000,N,,,,,,31000,,,,,,,,N,,K,0111112,,0,0,0,0,0,0,0,0,0,,,,0,,,,,,0,0,,,,,,0,0,0,0,0,0,0,0,0,0,0,0,0,0,0,0,0,,0,0,0,0,,,,0,0,0,0,,0,0,,,,,,,,,,0,0,0,0,0,0,0,0,0,0,1,0,,0,0,,0,0,0,0,0,0,0,0,0,0,0,0,0,0,0,0,0,0,0,0,0,0,0,0,0,0,,,,,,,,,,0,0,,,,,,,,,.  .       :  :,,,,,,9916376,9916376,"VL.CEL 3,3/60 BRIGHT VISCOCEL (2.KV)"
,,,KG,KOS,1,0,0,KOS,1,0,0201020000,,,,,MAT,0,0,0,0,A,,D,,N,,0,0,,,0,D,VX,30.09.2010 15:14:39,VX,30.09.2010 15:16:14,,,,,,,,0,,N,,,,,,,,,,,,,,,,N,,,0,0,0,0,0,0,0,0,0,,,,0,,,,,,0,0,,,,,,0,0,0,0,0,0,0,0,0,0,0,0,0,0,0,0,0,,0,0,0,0,,,,0,0,0,0,,0,0,,,,,,,,,,0,0,0,0,0,0,0,0,0,0,1,0,,0,0,,0,0,0,0,0,0,0,0,0,0,0,0,0,0,0,0,0,0,0,0,0,0,0,0,0,0,,,,,,,,,,0,0,,,,,,,,,.  .       :  :,,,,,,9927871,9927871,"VL.CEL 3,3/60 DULL BLACK LENZING"
,POTRJEN TDS 2023,PEFC CERTIF: SCS-PEFC-COC-008618,KG,KOS,1,0,0,KOS,1,0,0201020000,,,,,MAT,0,0,0,0,A,,D,,N,,1,0,,,0,D,VX,10.06.2021 08:51:12,Y4,31.07.2024 08:23:53,,AT,,,,CEL VLAKNA ZA SILON (STANDARD,,0,5504.1000,N,,,,,,,,,,,,,,,,B,,,0,0,0,0,0,0,0,0,0,,,,0,,,I,,,0,0,,,,,,0,0,0,0,0,17103,6933,0,0,0,0,0,0,0,0,0,0,,0,0,0,0,,,,0,0,0,0,,0,0,,,,,,,,,,0,0,0,0,0,0,0,0,0,0,1,0,,0,0,,0,0,0,0,0,0,0,0,0,0,0,0,0,0,0,0,0,0,0,0,0,0,0,0,0,0,,,,,,,,,,0,0,,,,,,,,,.  .       :  :,,,,,,9946818,9946818,"VL.CEL 3,3/60 DULL NW ECO LENZING"
,,,KG,KOS,1,0,0,KOS,1,0,0201020000,,,,,MAT,0,0,0,0,A,,D,,N,,1,0,,,0,D,VX,28.01.2011 13:45:06,VX,25.05.2023 11:15:15,,AT,,,,,,0,5504.1000,N,,,,,,,,,,,,,,,,N,,,0,0,0,0,0,0,0,0,0,,,,0,,,I,,,0,0,,,,,,0,0,0,0,0,0,0,0,0,0,0,0,0,0,0,0,0,,0,0,0,0,,,,0,0,0,0,,0,0,,,,,,,,,,0,0,0,0,0,0,0,0,0,0,1,0,,0,0,,0,0,0,0,0,0,0,0,0,0,0,0,0,0,0,0,0,0,0,0,0,0,0,0,0,0,,,,,,,,,,0,0,,,,,,,,,.  .       :  :,,,,,,9928807,9928807,"VL.CEL 3,3/60 DULL NW LENZING - NE"
,,,KG,KOS,1,0,0,KOS,1,0,0201020000,,,,,MAT,0,0,0,0,A,,D,,N,,1,0,,,0,D,VX,02.06.2021 09:26:20,Y4,18.09.2023 12:39:29,,AT,,,,,,0,5504.1000,N,,,,,,,,,,,,,,,,B,,,0,0,0,0,0,0,0,0,0,,,,0,,,I,,,0,0,,,,,,0,0,0,0,0,0,0,0,0,0,0,0,0,0,0,0,0,,0,0,0,0,,,,0,0,0,0,,0,0,,,,,,,,,,0,0,0,0,0,0,0,0,0,0,1,0,,0,0,,0,0,0,0,0,0,0,0,0,0,0,0,0,0,0,0,0,0,0,0,0,0,0,0,0,0,,,,,,,,,,0,0,,,,,,,,,.  .       :  :,,,,,,9946783,9946783,"VL.CEL 3,3/60 DULL RW SUBST LENZING"
,,,KG,KOS,1,0,0,KOS,1,0,0201020000,,,,,MAT,0,0,0,0,A,,D,,N,,1,0,,,0,D,VX,10.06.2021 09:08:33,VX,10.06.2021 09:10:04,,AT,,,,,,0,5504.1000,N,,,,,,,,,,,,,,,,N,,,0,0,0,0,0,0,0,0,0,,,,0,,,I,,,0,0,,,,,,0,0,0,0,0,0,0,0,0,0,0,0,0,0,0,0,0,,0,0,0,0,,365,,0,0,0,0,,0,0,,,,,,,,,,0,0,0,0,0,0,0,0,0,0,1,0,,0,0,,0,0,0,0,0,0,0,0,0,0,0,0,0,0,0,0,0,0,0,0,0,0,0,0,0,0,,,,,,,,,,0,0,,,,,,,,,.  .       :  :,,,,,,9946819,9946819,"VL.CEL 3,3/60 DULL RW T:Z9038B KELHEIM"
,3. KVALITETA,,KG,KG,0,0,0,KOS,1,0,0201020000,,,0201,,MAT,0,0,0,0,A,,D,,N,,0,0,,,0,D,VM,25.01.2000 09:38:38,VX,20.07.2004 16:11:03,,,,,,,,0,,N,,,,,,31000,9901797,,,,,,,N,,K,0111112,,0,0,0,0,0,0,0,0,0,,,,0,,,,,,0,0,,,,,,0,0,0,0,0,0,0,0,0,0,0,0,0,0,0,0,0,,0,0,0,0,,,,0,0,0,0,,0,0,,,,,,,,,,1,0,0,0,0,0,0,0,0,0,1,0,,0,0,,0,0,0,0,0,0,0,0,0,0,0,0,0,0,0,0,0,0,0,0,0,0,0,0,0,0,,,,,,,,,,0,0,,,,,,,,,.  .       :  :,,,,,,9901797,9901797,"VL.CEL 3,3/60 DULL SNIACE (3.KV)"
,MAT,,KG,KG,1,0,0,KOS,1,0,0201020000,,,0201,,MAT,0,0,0,0,A,,D,,N,,0,0,,,0,D,VY,30.04.2008 12:30:57,VQ,11.03.2009 09:54:41,,,,,,,,0,5504.1000,N,,,,,,31000,9904218,,,,,,,N,,N,0111112,,0,0,0,0,0,0,0,0,0,,,,0,,,,,,0,0,,,,,,0,0,0,0,0,0,0,0,0,0,0,0,0,0,0,0,0,,0,0,0,0,,,,0,0,0,0,,0,0,,,,,,,,,,1,0,0,0,0,0,0,0,0,0,1,0,,0,0,,0,0,0,0,0,0,0,0,0,0,0,0,0,0,0,0,0,0,0,0,0,0,0,0,0,0,,,,,,,,,,0,0,,,,,,,,,.  .       :  :,,,,,,9922707,9922707,"VL.CEL 3,3/60 M DANUFIL TYPE V KELHEIM"
,,,KG,KG,0,0,0,KG,1,0,0201020000,0001,,0201,,MAT,0,0,0,0,A,,D,N,N,,0,0,,,0,D,U1,.  .       :  :,VX,20.07.2004 16:11:15,,,,,,,099,0,5504.1000,N,,,N,,,31000,0441297,,,,,,,N,,K,0111112,,0,0,0,0,0,0,0,0,0,,,N,0,,,,,N,0,0,,,N,,,0,0,0,0,0,0,0,0,0,0,0,0,0,0,0,0,0,,0,0,0,0,,,,0,0,0,0,,0,0,,,,,,,,,,1,0,0,0,0,0,0,0,0,0,1,0,,0,0,,0,0,0,0,0,0,0,0,0,0,0,0,0,0,0,0,0,0,0,0,0,0,0,0,0,0,,,,,,,,,,0,0,,,,,,,,,.  .       :  :,,,,,,0441297,0441297,"VL.CEL 3,3/60 ROMUNIJA (1.KV)"
,,,KG,KOS,1,0,0,KOS,1,0,0201020000,,,0201,,MAT,0,0,0,0,A,,D,,N,022210,0,0,,,0,D,VX,10.05.2024 13:47:03,VX,10.05.2024 13:47:27,,,,,,,,0,,N,,,,,,,,,,,,,,,,N,0111112,,0,0,0,0,0,0,0,0,0,,,,0,,,,,,0,0,,,,,,0,0,0,0,0,0,0,0,0,0,0,0,0,0,0,0,0,,0,0,0,0,,,,0,0,0,0,,0,0,,,,,,,,,,0,0,0,0,0,0,0,0,0,0,1,0,,0,0,,0,0,0,0,0,0,0,0,0,0,0,0,0,0,0,0,0,0,0,0,0,0,0,0,0,0,,,,,,,,,,0,0,,,,,,,,,.  .       :  :,,,,,,9950975,9950975,"VL.CEL 3,3/60 SEMI DULL BIRLA"
,viscocel,,KG,KOS,1,0,0,KOS,1,0,0201020000,,,,,MAT,0,0,0,0,A,,D,,N,,0,0,,,0,D,VX,23.09.2019 10:40:19,UZ,28.11.2019 10:16:22,,,,,,,,0,,N,,,,,,,,,,,,,,,,N,,,0,0,0,0,0,0,0,0,0,,,,0,,,,,,0,0,,,,,,0,0,0,0,0,0,0,0,0,0,0,0,0,0,0,0,0,,0,0,0,0,,,,0,0,0,0,,0,0,,,,,,,,,,0,0,0,0,0,0,0,0,0,0,1,0,,0,0,,0,0,0,0,0,0,0,0,0,0,0,0,0,0,0,0,0,0,0,0,0,0,0,0,0,0,,,,,,,,,,0,0,,,,,,,,,.  .       :  :,,,,,,9944401,9944401,"VL.CEL 3,3/60 T:14FR WHITE SUBST. CETEX"
,"1st choice, China, rawwhite bright","NANPU DEVELOP.ZONE, CHINA",KG,KG,1,0,0,KG,1,0,0201020000,0001,,0201,,MAT,0,0,0,0,A,,D,N,N,,1,0,,,0,D,VX,06.10.2014 10:58:02,VY,29.01.2016 09:35:27,,CN,,,,,099,0,5504.1000,N,,,N,,,31000,0441284,,,,,,,N,,N,0111112,,0,0,0,0,0,0,0,0,0,,,N,0,,,I,,N,0,0,,,N,,,0,0,0,0,0,0,0,0,0,0,0,0,0,0,0,0,0,,0,0,0,0,,,,0,0,0,0,,0,0,,,,,,,,,,1,0,0,0,0,0,0,0,0,0,1,0,,0,0,,0,0,0,0,0,0,0,0,0,0,0,0,0,0,0,0,0,0,0,0,0,0,0,0,0,0,,,,,,,,,,0,0,,,,,,,,,.  .       :  :,,,,,,9937264,9937264,"VL.CEL 3,3/60 TYPE BW-CN CETEX (1ST Q)"
,,,KG,KG,1,0,0,KOS,1,0,0201020000,,,0201,,MAT,0,0,0,0,A,,D,,N,,0,0,,,0,D,VX,06.03.2024 11:12:57,VX,06.03.2024 11:13:49,,,,,,,,0,,N,,,,,,31000,9903483,,,,,,,N,,N,0111112,,0,0,0,0,0,0,0,0,0,,,,0,,,,,,0,0,,,,,,0,0,0,0,0,0,0,0,0,0,0,0,0,0,0,0,0,,0,0,0,0,,,,0,0,0,0,,0,0,,,,,,,,,,1,0,0,0,0,0,0,0,0,0,1,0,,0,0,,0,0,0,0,0,0,0,0,0,0,0,0,0,0,0,0,0,0,0,0,0,0,0,0,0,0,,,,,,,,,,0,0,,,,,,,,,.  .       :  :,,,,,,9950713,9950713,"VL.CEL 3,3/60 WHITE GT FIBER"
,,,KG,KOS,1,0,0,KOS,1,0,0201020000,,,0201,,MAT,0,0,0,0,A,,D,,N,,0,0,,,0,D,VX,12.09.2007 09:20:42,VQ,07.01.2009 12:31:29,,,,,,,,0,,N,,,,,,,,,,,,,,,,K,,,0,0,0,0,0,0,0,0,0,,,,0,,,,,,0,0,,,,,,0,0,0,0,0,0,0,0,0,0,0,0,0,0,0,0,0,,0,0,0,0,,,,0,0,0,0,,0,0,,,,,,,,,,0,0,0,0,0,0,0,0,0,0,1,0,,0,0,,0,0,0,0,0,0,0,0,0,0,0,0,0,0,0,0,0,0,0,0,0,0,0,0,0,0,,,,,,,,,,0,0,,,,,,,,,.  .       :  :,,,,,,9921399,9921399,"VL.CEL 3,5/50 SEMIDULL T.4054/5264 ROHTE"
,,,KG,KOS,1,0,0,KOS,1,0,0201020000,,,0201,,MAT,0,0,0,0,A,,D,,N,,0,0,,,0,D,VX,03.10.2007 13:28:30,VX,24.02.2010 08:15:31,,,,,,,,0,,N,,,,,,,,,,,,,,,,K,,,0,0,0,0,0,0,0,0,0,,,,0,,,,,,0,0,,,,,,0,0,0,0,0,0,0,0,0,0,0,0,0,0,0,0,0,,0,0,0,0,,,,0,0,0,0,,0,0,,,,,,,,,,0,0,0,0,0,0,0,0,0,0,1,0,,0,0,,0,0,0,0,0,0,0,0,0,0,0,0,0,0,0,0,0,0,0,0,0,0,0,0,0,0,,,,,,,,,,0,0,,,,,,,,,.  .       :  :,,,,,,9921493,9921493,VL.CEL 3/50 2.KV. ÈRNA VISCOCEL
,,,KG,KG,1,0,0, KG,1,0,0201020000,0001,,0201,,MAT,0,0,0,0,A,,D,N,N,,0,0,,,0,D,U1,.  .       :  :,VQ,21.08.2008 14:25:52,,,,,,,099,0,,N,,,N,,,31000,0285048,,,,,,,N,,K,0111112,,0,0,0,0,0,0,0,0,0,,,N,0,,,,,N,0,0,,,N,,,0,0,0,0,0,0,0,0,0,0,0,0,0,0,0,0,0,,0,0,0,0,,,,0,0,0,0,,0,0,,,,,,,,,,1,0,0,0,0,0,0,0,0,0,1,0,,0,0,,0,0,0,0,0,0,0,0,0,0,0,0,0,0,0,0,0,0,0,0,0,0,0,0,0,0,,,,,,,,,,0,0,,,,,,,,,.  .       :  :,,,,,,0285048,0285048,VL.CEL 3/50 ÈRNA
,,,KG,KOS,1,0,0,KOS,1,0,0201020000,,,0201,,MAT,0,0,0,0,A,,D,,N,,0,0,,,0,D,VX,28.06.2006 14:51:35,VQ,21.08.2008 14:43:40,,,,,,,,0,5504.9000,N,,,,,,,,,,,,,,,,K,,,0,0,0,0,0,0,0,0,0,,,,0,,,,,,0,0,,,,,,0,0,0,0,0,0,0,0,0,0,0,0,0,0,0,0,0,,0,0,0,0,,,,0,0,0,0,,0,0,,,,,,,,,,0,0,0,0,0,0,0,0,0,0,1,0,,0,0,,0,0,0,0,0,0,0,0,0,0,0,0,0,0,0,0,0,0,0,0,0,0,0,0,0,0,,,,,,,,,,0,0,,,,,,,,,.  .       :  :,,,,,,9917905,9917905,VL.CEL 60%/PES 40% X3084 GLADBACHER
,,,KG,KOS,1,0,0,KOS,1,0,0201010800,,,0201,,MAT,0,0,0,0,A,,D,,N,022210,0,0,,,0,D,VX,28.10.2005 14:19:43,VX,27.05.2009 12:28:33,,,,,,,,0,,N,,,,,,,,,,,,,,,,K,0111112,,0,0,0,0,0,0,0,0,0,,,,0,,,,,,0,0,,,,,,0,0,0,0,0,0,0,0,0,0,0,0,0,0,0,0,0,,0,0,0,0,,,,0,0,0,0,,0,0,,,,,,,,,,0,0,0,0,0,0,0,0,0,0,1,0,,0,0,,0,0,0,0,0,0,0,0,0,0,0,0,0,0,0,0,0,0,0,0,0,0,0,0,0,0,,,,,,,,,,0,0,,,,,,,,,.  .       :  :,,,,,,9916142,9916142,"VL.CEL REG. 1,4/38 BRIGHT M.LINKOGEL"
,,,KG,KOS,1,0,0,KOS,1,0,0201010800,,,0201,,MAT,0,0,0,0,A,,D,,N,022210,0,0,,,0,D,VX,28.10.2005 14:22:05,VX,27.05.2009 12:28:18,,,,,,,,0,,N,,,,,,,,,,,,,,,,K,0111112,,0,0,0,0,0,0,0,0,0,,,,0,,,,,,0,0,,,,,,0,0,0,0,0,0,0,0,0,0,0,0,0,0,0,0,0,,0,0,0,0,,,,0,0,0,0,,0,0,,,,,,,,,,0,0,0,0,0,0,0,0,0,0,1,0,,0,0,,0,0,0,0,0,0,0,0,0,0,0,0,0,0,0,0,0,0,0,0,0,0,0,0,0,0,,,,,,,,,,0,0,,,,,,,,,.  .       :  :,,,,,,9916143,9916143,"VL.CEL REG. 1,7/38 DULL M.LINKOGEL"
,,,KG,KG,1,0,0,KOS,1,0,0201010800,,,0201,,MAT,0,0,0,0,A,,D,,N,,0,0,,,0,D,VK,16.10.2000 15:48:57,VX,09.01.2006 11:24:44,,,,,,,,0,,N,,,,,,31000,9903627,,,,,,,N,,K,0111112,,0,0,0,0,0,0,0,0,0,,,,0,,,,,,0,0,,,,,,0,0,0,0,0,0,0,0,0,0,0,0,0,0,0,0,0,,0,0,0,0,,,,0,0,0,0,,0,0,,,,,,,,,,1,0,0,0,0,0,0,0,0,0,1,0,,0,0,,0,0,0,0,0,0,0,0,0,0,0,0,0,0,0,0,0,0,0,0,0,0,0,0,0,0,,,,,,,,,,0,0,,,,,,,,,.  .       :  :,,,,,,9903627,9903627,VL.CEL REGENERAT EA 1/13 MARTIN BUNZL
,,,KG,KG,1,0,0,KOS,1,0,0201010800,,,0201,,MAT,0,0,0,0,A,,D,,N,,0,0,,,0,D,VK,16.10.2000 15:46:18,VX,09.01.2006 11:24:58,,,,,,,,0,,N,,,,,,31000,9903626,,,,,,,N,,K,0111112,,0,0,0,0,0,0,0,0,0,,,,0,,,,,,0,0,,,,,,0,0,0,0,0,0,0,0,0,0,0,0,0,0,0,0,0,,0,0,0,0,,,,0,0,0,0,,0,0,,,,,,,,,,1,0,0,0,0,0,0,0,0,0,1,0,,0,0,,0,0,0,0,0,0,0,0,0,0,0,0,0,0,0,0,0,0,0,0,0,0,0,0,0,0,,,,,,,,,,0,0,,,,,,,,,.  .       :  :,,,,,,9903626,9903626,VL.CEL REGENERAT EA 2/98 MARTIN BUNZL
,VLAKNA REGENERAT - ECOFIBRE,,KG,KG,1,0,0,KOS,1,0,0201010800,,,0201,,MAT,0,0,0,0,A,,D,,N,022210,0,0,,,0,D,VK,29.09.2000 15:21:28,VX,07.07.2009 10:42:34,,,,,,,,0,,N,,,,,,31000,9903501,,,,,,,N,,N,0111112,,0,0,0,0,0,0,0,0,0,,,,0,,,,,,0,0,,,,,,0,0,0,0,0,0,0,0,0,0,0,0,0,0,0,0,0,,0,0,0,0,,,,0,0,0,0,,0,0,,,,,,,,,,1,0,0,0,0,0,0,0,0,0,1,0,,0,0,,0,0,0,0,0,0,0,0,0,0,0,0,0,0,0,0,0,0,0,0,0,0,0,0,0,0,,,,,,,,,,0,0,,,,,,,,,.  .       :  :,,,,,,9903501,9903501,VL.CEL REGENERAT ECOFIBRE
,,,KG,KOS,1,0,0,KOS,1,0,0201010800,,,0201,,MAT,0,0,0,0,A,,D,,N,022210,0,0,,,0,D,VX,04.03.2005 11:29:35,VX,09.01.2006 11:25:25,,,,,,,,0,,N,,,,,,,,,,,,,,,,K,0111112,,0,0,0,0,0,0,0,0,0,,,,0,,,,,,0,0,,,,,,0,0,0,0,0,0,0,0,0,0,0,0,0,0,0,0,0,,0,0,0,0,,,,0,0,0,0,,0,0,,,,,,,,,,0,0,0,0,0,0,0,0,0,0,1,0,,0,0,,0,0,0,0,0,0,0,0,0,0,0,0,0,0,0,0,0,0,0,0,0,0,0,0,0,0,,,,,,,,,,0,0,,,,,,,,,.  .       :  :,,,,,,9914855,9914855,VL.CEL REGENERAT LOT 5001 ALTEX
