NAZIV,TIP,IDENT,TIP_SIF,A_SIFRA,A_NAZIV,KOLIÈINA,ALT_STATUS,ALT_AKT,DODATEK1,POZICIJA,A_DATUM_S,EAN,ID_ART,OPIS,OPIS2,EM1,FAKTOR,FAKT_EXP,PAKIRANJE,PAKIRANJEX,KLASIF,SKUPINA1,SKUPINA2,SKUPINA3,SKUPINA4,TIP_ART,MIN_ZALOGA,SIG_ZALOGA,GRUPA,GRUPA_EKO,V_ZALOGE,V_A_ZALOGE,V_MINUS,SKLADIŠÈE,TEŽA,TIP_CENE,ID_NORM,N_ENOTA,AKTIVEN,UPORABNIK,DAT_VNOSA,UPORABNIKS,DAT_SPREME,PROIZVAJAL,POREKLO,LETO_UVOZA,DOBAVITELJ,DOBAVIT_ID,DOBAVIT_IM,LOKACIJA,DEKLARA,CARIN_STOP,V_SERIS,NAZIV_ENG,KN,KONKRETNO,LASTNOST,STANDARD,KONTO,PAR_A,PAR_B,PAR_C,PAR_D,PAR_E,KARTON,MARŽA,MIN_MARZA,ROK_IZD,SLED,PRIPADA_N,VN_STATUS,SIRINA,DOLZINA,VISINA,KALO,KALO_DEC,KVALITETA,ABC,KONTROLA_P,GARANCIJA,GARANCIJAE,ATEST,STATUS,FANTOMSKI,NORMFIXKOL,FANTOM_KOL,SLIKA_PATH,KONTO_KONS,NORM_AVTO,FIFO,STM,OPT_KOL,KARANTENA,OPT_ZALOGA,MAX_ZALOGA,NAB_LETKOL,OPT_CAS,NAB_STRNAB,NAB_STRSKL,NAB_POVPZA,KONTO2,PRET_CAS,KALK_CENA,NACIN_FAK,ROK_UPORAB,PLU_KODA,OPT_KOL_PA,VOLUMEN,DEKADA,DEKADA_FAK,LANSAZA,CARIN_KOM,NALEPKA,DODATEK21,DODATEK22,DODATEK23,DODATEK51,DODATEK52,DODATEK53,DODATEK_1,DODATEK_2,DODATEK_3,DODATEK_4,DODATEK_5,PAKIRANJEP,INTRASTAT,EM_DAN,EM_DAN_TIP,MIN_ZAL1,SIG_ZAL1,OPT_ZAL1,MAX_ZAL1,MIN_ZAL2,SIG_ZAL2,OPT_ZAL2,MAX_ZAL2,MIN_ZAL3,SIG_ZAL3,OPT_ZAL3,MAX_ZAL3,TEZA_B,ABC_P,KN_P,ID_ART2,NACRT,TIP_NARO,NARO_TIP,ID_KOL,IDENT_PAK,IDENT_PAK2,PAKIRANJE2,VARIANTA,ROK_IZD1,ROK_IZD2,ROK_IZD3,ABC_X,ABC_V,STANJE,STANJE_KDO,STANJE_CAS,SN,IDG,DODATEK24,DODATEK25,SPL_STRAN,
TKANINA S 750,P,9935237,1027397,,TK 009,0,,,9935237                   1,1,.  .       :  :,,9935237,,,KOS,1,0,KOS,1,202120000,,,,D,MAT,0,0,A,,D,,N,22710,0,,,0,D,U6,3.10.2013 11:46,U6,30.07.2015 09:24,,RS,,,,,,0,52081216,N,,,,,,,,,,,,,,,,D,,,175,0,0,0,0,,,,0,,,I,,,0,,,,,,0,0,0,0,0,0,0,0,0,,0,0,,,,0,0,,0,,,,,KA14002318,,,,,0,0,0,0,0,1,,0,,0,0,0,0,0,0,0,0,0,0,0,0,0,,,,,,,,,,0,,,,,,,,,.  .       :  :,,9935237,,,,
TK.  BW 320, BOMBAZNA TKANINA DODEL.,9934796,9934796,171,9933936,TK.  BW 320, BOMBAZNA TKANINA DODEL.,0,,,,1,.  .       :  :,,9934796,BOMBAŽNA TKANINA IZ OSTANKOV PREJE, 320 G/M2,DODELANA,KOS,1,0,KOS,1,202100000,,,202,,IZD,0,0,A,,D,,N,,0,,NT9934796/0001,1,D,UB,5.07.2013 10:13,UU,18.05.2016 10:37,,,,,,,,0,,N,,,,,,,,,,,,,,,,S,,,0,0,0,0,0,,,,0,,,,,,0,,,,,,0,0,0,0,0,0,0,0,0,,0,0,,,,0,0,,0,,,,,,,,,,0,0,0,0,0,1,,0,,0,0,0,0,0,0,0,0,0,0,0,0,0,,,,,,,,,,0,,,,,,,,,.  .       :  :,,9934796,
TK. META ARAMID 90/30-235CM Q8154 WILKIE,A,9928177,,9941891,TK. META ARAMID 90/20-225CM T1781 WILKIE,1,,,,3,.  .       :  :,,9928177,,,KOS,1,0,KOS,1,202040000,,,,,POM,0,0,A,,D,,N,,0,,,0,D,VX,15.11.2010 08:59,U5,28.08.2018 09:33,,,,,,,,0,,N,,,,,,,,,,,,,,,,N,,,0,0,0,0,0,,,,0,,,,,,0,,,,,,0,0,0,0,0,0,0,0,0,,0,0,,,,0,0,,0,,,,,,,,,,0,0,0,0,0,1,,0,,0,0,0,0,0,0,0,0,0,0,0,0,0,,,,,,,,,,0,,,,,,,,,.  .       :  :,,9928177,,,,
TK. META ARAMID 90/30-225CM Q8154/T1793,A,9932176,,9941891,TK. META ARAMID 90/20-225CM T1781 WILKIE,1,,,,2,.  .       :  :,,9932176,Nm 40/2 warp/weft,,KOS,1,0,KOS,1,202040000,,,,,POM,0,0,A,,D,,D,,0,69,,,0,D,U5,23.05.2012 13:45,U5,7.07.2020 12:23,,GB,,,,,,0,59119000,N,,,,,,,,,,,,,,,,N,,,0,0,0,0,0,,,,0,,,I,,,0,,,,,,0,0,0,0,0,0,0,0,0,,0,0,,,,0,0,,0,,,,,,,,,,0,0,0,0,0,1,,0,,0,0,0,0,0,0,0,0,0,0,0,0,0,,,,,,,,,,0,,,,,,,,,.  .       :  :,,9932176,,,
TK. META ARAMID 90/30-225CM (2*40NM)HEAT,A,9934224,,9941891,TK. META ARAMID 90/20-225CM T1781 WILKIE,1,,,,2,.  .       :  :,,9934224,HEAT COAT,2*40Nm,KOS,1,0,KOS,1,202040000,,,,,POM,0,0,A,,D,,N,,0,,,0,D,U5,27.03.2013 15:13,U5,28.08.2018 09:27,,GB,,,,,,0,55129100,N,,,,,,,,,,,,,,,,S,,,0,0,0,0,0,,,,0,,,I,,,0,,,,,,0,0,0,0,0,0,0,0,0,,0,0,,,,0,0,,0,,,,,,,,,,0,0,0,0,0,1,,0,,0,0,0,0,0,0,0,0,0,0,0,0,0,,,,,,,,,,0,,,,,,,,,.  .       :  :,,9934224,,,,
TK. META ARAMID 217 CM 90/30 KONUS S,A,9947128,,9947763,TK. META ARAMID 90/30-210CM FIBERLANE,0,96774,,,,1,.  .       :  :,,9947128,,,KOS,1,0,KOS,1,202040000,,,,,POM,0,0,A,,D,,N,,0,,,0,D,U5,18.10.2021 13:23,VY,3.02.2023 12:51,,,,,,,,0,,N,,,,,,,,,,,,,,,,N,,,0,0,0,0,0,,,,0,,,,,,0,,,,,,0,0,0,0,0,0,0,0,0,,0,0,,,,0,0,,0,,,,,,,,,,0,0,0,0,0,1,,0,,0,0,0,0,0,0,0,0,0,0,0,0,0,,,,,,,,,,0,,,,,,,,,.  .       :  :,,9947128,,,
TK. META ARAMID 90/30-210CM FIBERLANE,A,9947763,,9940651,TK. META ARAMID 90/30-210CM Q8154 WILKIE,1,,,,1,.  .       :  :,,9947763,Nm 40/2 warp/ nM 20/3weft, 79G/M2,1200 lm role,KOS,1,0,KOS,1,202040000,,,,,POM,0,0,A,,D,,N,,0,69,,,0,D,VX,16.05.2022 11:08,VY,24.06.2022 11:11,,GB,,,,,,0,59119000,N,,,,,,,,,,,,,,,,B,,,0,0,0,0,0,,,,0,,,I,,,0,,,,,,0,0,0,11938,5,0,0,0,0,0,,0,0,,,,0,0,,0,,,,,,,,,,0,0,0,0,0,1,,0,,0,0,0,0,0,0,0,0,0,0,0,0,0,,,,,,,,,,0,,,,,,,,,.  .       :  :,,9947763,
TK. META ARAMID 90/30-235CM Q8154 WILKIE,A,9928177,,9934224,TK. META ARAMID 90/30-225CM (2*40NM)HEAT,1,,,,2,.  .       :  :,,9928177,,,KOS,1,0,KOS,1,202040000,,,,,POM,0,0,A,,D,,N,,0,,,0,D,VX,15.11.2010 08:59,U5,28.08.2018 09:33,,,,,,,,0,,N,,,,,,,,,,,,,,,,N,,,0,0,0,0,0,,,,0,,,,,,0,,,,,,0,0,0,0,0,0,0,0,0,,0,0,,,,0,0,,0,,,,,,,,,,0,0,0,0,0,1,,0,,0,0,0,0,0,0,0,0,0,0,0,0,0,,,,,,,,,,0,,,,,,,,,.  .       :  :,,9928177,,,,
TK. META ARAMID 90/30-225CM Q8154/T1793,A,9932176,,9934224,TK. META ARAMID 90/30-225CM (2*40NM)HEAT,1,,,,1,.  .       :  :,,9932176,Nm 40/2 warp/weft,,KOS,1,0,KOS,1,202040000,,,,,POM,0,0,A,,D,,D,,0,69,,,0,D,U5,23.05.2012 13:45,U5,7.07.2020 12:23,,GB,,,,,,0,59119000,N,,,,,,,,,,,,,,,,N,,,0,0,0,0,0,,,,0,,,I,,,0,,,,,,0,0,0,0,0,0,0,0,0,,0,0,,,,0,0,,0,,,,,,,,,,0,0,0,0,0,1,,0,,0,0,0,0,0,0,0,0,0,0,0,0,0,,,,,,,,,,0,,,,,,,,,.  .       :  :,,9932176,,,
TK. META ARAMID 90/20-225CM T1781 WILKIE,A,9941891,,9934224,TK. META ARAMID 90/30-225CM (2*40NM)HEAT,1,,,,2,.  .       :  :,,9941891,Nm 40/2 warp/ Nm 20/3 weft; 79g/m2,,KOS,1,0,KOS,1,202040000,,,,,POM,0,0,A,,D,,N,,0,69,,,0,D,VX,5.01.2018 09:12,U5,28.08.2018 09:24,,GB,,,,,,0,59119000,N,,,,,,,,,,,,,,,,N,,,0,0,0,0,0,,,,0,,,I,,,0,,,,,,0,0,0,0,0,0,0,0,0,,0,0,,,,0,0,,0,,,,,,,,,,0,0,0,0,0,1,,0,,0,0,0,0,0,0,0,0,0,0,0,0,0,,,,,,,,,,0,,,,,,,,,.  .       :  :,,9941891,,,
TK. META ARAMID 90/30-230CM Q8154 WILKIE,A,9929063,,9945105,TK. META ARAMID 90/30-225CM FIBERLANE,1,,,,2,.  .       :  :,,9929063,,,KOS,1,0,KOS,1,202040000,,,,,POM,0,0,A,,D,,N,,0,,,0,D,VX,1.03.2011 11:22,U5,9.09.2020 13:46,,,,,,,,0,,N,,,,,,,,,,,,,,,,N,,,0,0,0,0,0,,,,0,,,,,,0,,,,,,0,0,0,0,0,0,0,0,0,,0,0,,,,0,0,,0,,,,,,,,,,0,0,0,0,0,1,,0,,0,0,0,0,0,0,0,0,0,0,0,0,0,,,,,,,,,,0,,,,,,,,,.  .       :  :,,9929063,,,,
TK. META ARAMID 90/30-225CM Q8154/T1793,A,9932176,,9945105,TK. META ARAMID 90/30-225CM FIBERLANE,1,,,,3,.  .       :  :,,9932176,Nm 40/2 warp/weft,,KOS,1,0,KOS,1,202040000,,,,,POM,0,0,A,,D,,D,,0,69,,,0,D,U5,23.05.2012 13:45,U5,7.07.2020 12:23,,GB,,,,,,0,59119000,N,,,,,,,,,,,,,,,,N,,,0,0,0,0,0,,,,0,,,I,,,0,,,,,,0,0,0,0,0,0,0,0,0,,0,0,,,,0,0,,0,,,,,,,,,,0,0,0,0,0,1,,0,,0,0,0,0,0,0,0,0,0,0,0,0,0,,,,,,,,,,0,,,,,,,,,.  .       :  :,,9932176,,,
TK. META ARAMID 90/30-235CM Q8154 WILKIE,A,9928177,,9932176,TK. META ARAMID 90/30-225CM Q8154/T1793,1,,,,1,.  .       :  :,,9928177,,,KOS,1,0,KOS,1,202040000,,,,,POM,0,0,A,,D,,N,,0,,,0,D,VX,15.11.2010 08:59,U5,28.08.2018 09:33,,,,,,,,0,,N,,,,,,,,,,,,,,,,N,,,0,0,0,0,0,,,,0,,,,,,0,,,,,,0,0,0,0,0,0,0,0,0,,0,0,,,,0,0,,0,,,,,,,,,,0,0,0,0,0,1,,0,,0,0,0,0,0,0,0,0,0,0,0,0,0,,,,,,,,,,0,,,,,,,,,.  .       :  :,,9928177,,,,
TK. META ARAMID 90/30-230CM Q8154 WILKIE,A,9929063,,9932176,TK. META ARAMID 90/30-225CM Q8154/T1793,1,,,,1,.  .       :  :,,9929063,,,KOS,1,0,KOS,1,202040000,,,,,POM,0,0,A,,D,,N,,0,,,0,D,VX,1.03.2011 11:22,U5,9.09.2020 13:46,,,,,,,,0,,N,,,,,,,,,,,,,,,,N,,,0,0,0,0,0,,,,0,,,,,,0,,,,,,0,0,0,0,0,0,0,0,0,,0,0,,,,0,0,,0,,,,,,,,,,0,0,0,0,0,1,,0,,0,0,0,0,0,0,0,0,0,0,0,0,0,,,,,,,,,,0,,,,,,,,,.  .       :  :,,9929063,,,,
TK. META ARAMID 90/30-225CM (2*40NM)HEAT,A,9934224,,9932176,TK. META ARAMID 90/30-225CM Q8154/T1793,1,,,,1,.  .       :  :,,9934224,HEAT COAT,2*40Nm,KOS,1,0,KOS,1,202040000,,,,,POM,0,0,A,,D,,N,,0,,,0,D,U5,27.03.2013 15:13,U5,28.08.2018 09:27,,GB,,,,,,0,55129100,N,,,,,,,,,,,,,,,,S,,,0,0,0,0,0,,,,0,,,I,,,0,,,,,,0,0,0,0,0,0,0,0,0,,0,0,,,,0,0,,0,,,,,,,,,,0,0,0,0,0,1,,0,,0,0,0,0,0,0,0,0,0,0,0,0,0,,,,,,,,,,0,,,,,,,,,.  .       :  :,,9934224,,,,
TK. META ARAMID 90/20-225CM T1781 WILKIE,A,9941891,,9932176,TK. META ARAMID 90/30-225CM Q8154/T1793,1,,,,1,.  .       :  :,,9941891,Nm 40/2 warp/ Nm 20/3 weft; 79g/m2,,KOS,1,0,KOS,1,202040000,,,,,POM,0,0,A,,D,,N,,0,69,,,0,D,VX,5.01.2018 09:12,U5,28.08.2018 09:24,,GB,,,,,,0,59119000,N,,,,,,,,,,,,,,,,N,,,0,0,0,0,0,,,,0,,,I,,,0,,,,,,0,0,0,0,0,0,0,0,0,,0,0,,,,0,0,,0,,,,,,,,,,0,0,0,0,0,1,,0,,0,0,0,0,0,0,0,0,0,0,0,0,0,,,,,,,,,,0,,,,,,,,,.  .       :  :,,9941891,,,
TK. META ARAMID 90/30-225CM FIBERLANE,A,9945105,,9932176,TK. META ARAMID 90/30-225CM Q8154/T1793,1,,,,3,.  .       :  :,,9945105,Nm 40/2 warp/ nM 20/3weft, 79G/M2,1200 lm role,KOS,1,0,KOS,1,202040000,,,,,POM,0,0,A,,D,,D,,0,69,,,0,D,VX,19.03.2020 08:42,VY,17.03.2023 11:31,,GB,,,,,,0,59119000,N,,,,,,,,,,,,,,,,N,,,0,0,0,0,0,,,,0,,,I,,,0,,,,,,0,0,0,17898,0,0,0,0,0,,0,0,,,,0,0,,0,,,,,,,,,,0,0,0,0,0,1,,0,,0,0,0,0,0,0,0,0,0,0,0,0,0,,,,,,,,,,0,,,,,,,,,.  .       :  :,,9945105,,
TK. META ARAMID 90/30-232CM Q8154/T1793,A,9945027,,9946894,TK. META ARAMID 90/30-230CM FIBERLANE,1,,,,1,.  .       :  :,,9945027,Nm 40/2 warp/weft,,KOS,1,0,KOS,1,202040000,,,,,POM,0,0,A,,D,,N,,0,69,,,0,D,VX,5.03.2020 09:03,VY,19.12.2022 10:48,,GB,,,,,,0,59119000,N,,,,,,,,,,,,,,,,N,,,0,0,0,0,0,,,,0,,,I,,,0,,,,,,0,0,0,0,0,0,0,0,0,,0,0,,,,0,0,,0,,,,,,,,,,0,0,0,0,0,1,,0,,0,0,0,0,0,0,0,0,0,0,0,0,0,,,,,,,,,,0,,,,,,,,,.  .       :  :,,9945027,,,
TK. META ARAMID 90/30-225CM FIBERLANE,A,9945105,,9946894,TK. META ARAMID 90/30-230CM FIBERLANE,1,2222,,,,2,.  .       :  :,,9945105,Nm 40/2 warp/ nM 20/3weft, 79G/M2,1200 lm role,KOS,1,0,KOS,1,202040000,,,,,POM,0,0,A,,D,,D,,0,69,,,0,D,VX,19.03.2020 08:42,VY,17.03.2023 11:31,,GB,,,,,,0,59119000,N,,,,,,,,,,,,,,,,N,,,0,0,0,0,0,,,,0,,,I,,,0,,,,,,0,0,0,17898,0,0,0,0,0,,0,0,,,,0,0,,0,,,,,,,,,,0,0,0,0,0,1,,0,,0,0,0,0,0,0,0,0,0,0,0,0,0,,,,,,,,,,0,,,,,,,,,.  .       :  :,,9945105,
TK. META ARAMID 90/30-225CM Q8154/T1793,A,9932176,,9929063,TK. META ARAMID 90/30-230CM Q8154 WILKIE,1,,,,4,.  .       :  :,,9932176,Nm 40/2 warp/weft,,KOS,1,0,KOS,1,202040000,,,,,POM,0,0,A,,D,,D,,0,69,,,0,D,U5,23.05.2012 13:45,U5,7.07.2020 12:23,,GB,,,,,,0,59119000,N,,,,,,,,,,,,,,,,N,,,0,0,0,0,0,,,,0,,,I,,,0,,,,,,0,0,0,0,0,0,0,0,0,,0,0,,,,0,0,,0,,,,,,,,,,0,0,0,0,0,1,,0,,0,0,0,0,0,0,0,0,0,0,0,0,0,,,,,,,,,,0,,,,,,,,,.  .       :  :,,9932176,,,
TK. META ARAMID 90/30-225CM FIBERLANE,A,9945105,,9945027,TK. META ARAMID 90/30-232CM Q8154/T1793,1,3111,,,,1,.  .       :  :,,9945105,Nm 40/2 warp/ nM 20/3weft, 79G/M2,1200 lm role,KOS,1,0,KOS,1,202040000,,,,,POM,0,0,A,,D,,D,,0,69,,,0,D,VX,19.03.2020 08:42,VY,17.03.2023 11:31,,GB,,,,,,0,59119000,N,,,,,,,,,,,,,,,,N,,,0,0,0,0,0,,,,0,,,I,,,0,,,,,,0,0,0,17898,0,0,0,0,0,,0,0,,,,0,0,,0,,,,,,,,,,0,0,0,0,0,1,,0,,0,0,0,0,0,0,0,0,0,0,0,0,0,,,,,,,,,,0,,,,,,,,,.  .       :  :,,9945105,
TK. META ARAMID 90/30-242CM Q8154 WILKIE,A,9941588,,9946468,TK. META ARAMID 90/30-235CM FIBERLANE,1,,,,1,.  .       :  :,,9941588,,,KOS,1,0,KOS,1,202040000,,,,,POM,0,0,A,,D,,D,,0,,,0,D,VX,6.10.2017 14:06,YV,28.05.2021 12:26,,,,,,,,0,,N,,,,,,,,,,,,,,,,N,,,0,0,0,0,0,,,,0,,,,,,0,,,,,,0,0,0,0,0,0,0,0,0,,0,0,,,,0,0,,0,,,,,,,,,,0,0,0,0,0,1,,0,,0,0,0,0,0,0,0,0,0,0,0,0,0,,,,,,,,,,0,,,,,,,,,.  .       :  :,,9941588,,,,
TK. META ARAMID 90/40-235CM FIBERLANE,A,9946175,,9946468,TK. META ARAMID 90/30-235CM FIBERLANE,1,,,,1,.  .       :  :,,9946175,Nm 40/2 warp/WEFT,,KOS,1,0,KOS,1,202040000,,,,,POM,0,0,A,,D,,D,,0,69,,,0,D,VX,6.01.2021 10:27,UZ,13.09.2021 11:23,,GB,,,,,,0,59119000,N,,,,,,,,,,,,,,,,B,,,0,0,0,0,0,,,,0,,,I,,,0,,,,,,0,0,0,0,0,0,0,0,0,,0,0,,,,0,0,,0,,,,,,,,,,0,0,0,0,0,1,,0,,0,0,0,0,0,0,0,0,0,0,0,0,0,,,,,,,,,,0,,,,,,,,,.  .       :  :,,9946175,,,
TK. META ARAMID 80/30-242CM FIBERLANE,A,9945500,,9941588,TK. META ARAMID 90/30-242CM Q8154 WILKIE,1,,,,1,.  .       :  :,,9945500,NM 40/2 WARP/WEFT,,KOS,1,0,KOS,1,202040000,,,,,POM,0,0,A,,D,,N,22210,0,,,0,D,VX,23.06.2020 08:15,U5,11.01.2021 11:51,,,,,,,,0,,N,,,,,,,,,,,,,,,,N,111121,,0,0,0,0,0,,,,0,,,,,,0,,,,,,0,0,0,0,0,0,0,0,0,,0,0,,,,0,0,,0,,,,,,,,,,0,0,0,0,0,1,,0,,0,0,0,0,0,0,0,0,0,0,0,0,0,,,,,,,,,,0,,,,,,,,,.  .       :  :,,9945500,,,,
TK. META ARAMID 90/30-235CM FIBERLANE,A,9946468,,9946175,TK. META ARAMID 90/40-235CM FIBERLANE,1,,,,1,.  .       :  :,,9946468,Nm 40/2 warp/WEFT,,KOS,1,0,KOS,1,202040000,,,,,POM,0,0,A,,D,,D,,0,69,,,0,D,VX,19.03.2021 08:44,UZ,1.10.2021 13:31,,GB,,,,,,0,59119000,N,,,,,,,,,,,,,,,,N,,,0,0,0,0,0,,,,0,,,I,,,0,,,,,,0,0,0,0,0,0,0,0,0,,0,0,,,,0,0,,0,,,,,,,,,,0,0,0,0,0,1,,0,,0,0,0,0,0,0,0,0,0,0,0,0,0,,,,,,,,,,0,,,,,,,,,.  .       :  :,,9946468,,,
TK. PAN 55/40 - 228CM TATKO,A,9926085,,9939881,TK. PAN 70/40 - 220CM TATKO,1,,,,1,.  .       :  :,,9926085,PAN NM 20/2 95 g/m2,,KOS,1,0,KOS,1,202020000,,,202,,POM,0,0,A,,D,,N,,0,,,0,D,U5,23.02.2010 13:35,U5,3.05.2018 12:44,,,,,,,,0,54071000,N,,,,,,,,,,,,,,,,N,111121,,0,0,0,0,0,,,,0,,,,,,0,,,,F,,0,0,0,0,0,0,0,0,0,,0,0,,,,0,0,,0,,,,,,,,,,0,0,0,0,0,1,,0,,0,0,0,0,0,0,0,0,0,0,0,0,0,,,,,,,,,,0,,,,,,,,,.  .       :  :,,9926085,,,,
TK. PAN 70/40 - 228CM TATKO,A,9940182,,9944005,TK. PAN 70/40 - 228CM Q8176 WILKIE,1,,,,1,.  .       :  :,,9940182,PAN NM 24/2,,KOS,1,0,KOS,1,202020000,,,202,,POM,0,0,A,,D,,D,,0,,,0,D,U5,14.07.2016 12:17,VY,13.03.2023 08:30,,,,,,,,0,54071000,N,,,,,,,,,,,,,,,,N,111121,,0,0,0,0,0,,,,0,,,,,,0,,,,,,0,0,0,0,0,0,0,0,0,,0,0,,,,0,0,,0,,,,,,,,,,0,0,0,0,0,1,,0,,0,0,0,0,0,0,0,0,0,0,0,0,0,,,,,,,,,,0,,,,,,,,,.  .       :  :,,9940182,,,,
TK. PAN 70/40 - 228CM TATKO,A,9940182,,9948926,TK. PAN 70/40 - 232CM KONUS S,1,1754,,,,2,.  .       :  :,,9940182,PAN NM 24/2,,KOS,1,0,KOS,1,202020000,,,202,,POM,0,0,A,,D,,D,,0,,,0,D,U5,14.07.2016 12:17,VY,13.03.2023 08:30,,,,,,,,0,54071000,N,,,,,,,,,,,,,,,,N,111121,,0,0,0,0,0,,,,0,,,,,,0,,,,,,0,0,0,0,0,0,0,0,0,,0,0,,,,0,0,,0,,,,,,,,,,0,0,0,0,0,1,,0,,0,0,0,0,0,0,0,0,0,0,0,0,0,,,,,,,,,,0,,,,,,,,,.  .       :  :,,9940182,,,
TK. PAN 70/40 - 232CM KONUS S,A,9948926,,9949376,TK. PAN 75/42 - 232CM Q WILKIE,1,,,,1,.  .       :  :,,9948926,PAN NM 20/2,,KOS,1,0,KOS,1,202020000,,,202,,POM,0,0,A,,D,N,N,,0,,,0,D,VY,3.03.2023 09:23,VY,23.05.2023 10:31,,,,,,,,0,54071000,N,,,,,,31020,,,,,,,,N,,N,111121,,0,0,0,0,0,,,,0,,,,,,0,,,,F,,0,0,0,0,0,0,0,0,0,,0,0,,,,0,0,,0,,,,,,,,,,0,0,0,0,0,1,,0,,0,0,0,0,0,0,0,0,0,0,0,0,0,,,,,,,,,,0,,,,,,,,,.  .       :  :,,9948926,,,,
TK. PES 55/40 BT Š.238 MAJŠPERK,A,9924310,,9910411,TK. PES 5,5/4,0 KW19 BEKINOX Š.235 ELSIN,1,,,,1,.  .       :  :,,9924310,TKANINA S KOVINSKIMI NITMI VZOLŽNO IN PREÈNO,,M2,1,0, M2,1,202060000,1,,202,,POM,0,0,A,,D,N,N,,0,,,0,D,U5,15.04.2009 10:40,YK,4.02.2010 14:22,,,,,,,99,0,,N,,,N,,,31020,440792,,,,,,,N,,A,111112,,0,0,0,0,0,,,N,0,,,,,N,0,,,N,F,,0,0,0,0,0,0,0,0,0,,0,0,,,,0,0,,0,,,,,,,,,,0,0,0,0,0,1,,0,,0,0,0,0,0,0,0,0,0,0,0,0,0,,,,,,,,,,0,,,,,,,,,.  .       :  :,,9924310,,
TK. PES 55/40 KW19 BEKINOX Š.238 VDS,A,9930035,,9910411,TK. PES 5,5/4,0 KW19 BEKINOX Š.235 ELSIN,1,,,9930035                   2,2,.  .       :  :,,9930035,PES 1100DTEX VO + BEKINOX NM 20/2 + O:11 NIT BEKIN,1/1PLAIN, KARA 2X2CM, VOTEK: 8 NIT BEKINOX,KOS,1,0,KOS,1,202060000,,,,,POM,0,0,A,,D,,N,,0,,,0,D,VX,25.07.2011 11:49,VX,19.08.2016 10:39,,,,,,,,0,,N,,,,,,,,,,,,,,,,N,,,0,0,0,0,0,,,,0,,,,,,0,,,,,,0,0,0,0,0,0,0,0,0,,0,0,,,,0,0,,0,,,,,,,,,,0,0,0,0,0,1,,0,,0,0,0,0,0,0,0,0,0,0,0,0,0,,,,,,,,,,0,,,,,,,,,.  .       :  :,,9930035
TK. PES 55/40 KW19 BEKINOX Š.235 ELSIN,A,9910411,,9930035,TK. PES 5,5/4,0 KW19 BEKINOX Š.238 VDS,1,,,9910411                   2,2,.  .       :  :,,9910411,PES TKANINA Z BEKINOX FILAMENTOM VZOLŽNO IN PREÈNO,VZD./2 CM  , PREÈNO/3 CM,KOS,1,0,KOS,1,202060000,1,,202,,POM,0,0,A,,D,,N,,0,,,0,D,VY,3.04.2003 15:32,VX,19.08.2016 10:39,,,,,,,,0,,N,,,,,,31020,,,,,,,,N,,M,111112,,0,0,0,0,0,,,,0,,,,,,0,,,,,,0,0,0,0,0,0,0,0,0,,0,0,,,,0,0,,0,,,,,,,,,,0,0,0,0,0,1,,0,,0,0,0,0,0,0,0,0,0,0,0,0,0,,,,,,,,,,0,,,,,,,,,.  .       :  :,,9910411,
TK. PES 55/45 - 235CM KONUS S,A,9946978,,9949088,TK. PES 50/40 - 235CM KONUS S,1,,,,6,.  .       :  :,,9946978,1100DTEX , 117g/m2,,KOS,1,0,KOS,1,202010100,,,202,,POM,0,0,A,,D,,N,,0,,,0,D,U5,29.07.2021 10:46,VY,12.05.2023 14:06,,,,,,,,0,54071000,N,,,,,,,,,,,,,,,,N,111112,,0,0,0,0,0,,,,0,,,,,,0,,,,,,0,0,0,164030,2,0,0,0,0,0,,0,0,,,,0,0,,0,,,,,,,,,,0,0,0,0,0,1,,0,,0,0,0,0,0,0,0,0,0,0,0,0,0,,,,,,,,,,0,,,,,,,,,.  .       :  :,,9946978,,
TK. PES 55/45 BT Š.238 KONUS S,A,9945419,,9947775,TK. PES 50/40 BT Š.240 KONUS S,1,,,,3,.  .       :  :,,9945419,TKANINA S KOVINSKIMI NITMI VZOLŽNO IN PREÈNO,,M2,1,0, M2,1,202060000,1,,202,,POM,0,0,A,,D,N,N,,0,,,0,X,U5,5.06.2020 08:19,UZ,22.09.2022 14:47,,,,,,,99,0,,N,,,N,,,31020,440792,,,,,,,N,,N,111112,,0,0,0,0,0,,,N,0,,,,,N,0,,,N,,,0,0,0,0,0,0,0,0,0,,0,0,,,,0,0,,0,,,,,,,,,,0,0,0,0,0,1,,0,,0,0,0,0,0,0,0,0,0,0,0,0,0,,,,,,,,,,0,,,,,,,,,.  .       :  :,,9945419,,,,
TK. PES 55/45 - 235CM KONUS S,A,9946978,,9948329,TK. PES 50/45 - 235CM KONUS S,1,,,,5,.  .       :  :,,9946978,1100DTEX , 117g/m2,,KOS,1,0,KOS,1,202010100,,,202,,POM,0,0,A,,D,,N,,0,,,0,D,U5,29.07.2021 10:46,VY,12.05.2023 14:06,,,,,,,,0,54071000,N,,,,,,,,,,,,,,,,N,111112,,0,0,0,0,0,,,,0,,,,,,0,,,,,,0,0,0,164030,2,0,0,0,0,0,,0,0,,,,0,0,,0,,,,,,,,,,0,0,0,0,0,1,,0,,0,0,0,0,0,0,0,0,0,0,0,0,0,,,,,,,,,,0,,,,,,,,,.  .       :  :,,9946978,,
TK. PES 55/45 BT Š.240 KONUS S,A,9947262,,9949087,TK. PES 50/45 BT Š.240 KONUS S 78/22,1,,,,2,.  .       :  :,,9947262,TKANINA S KOVINSKIMI NITMI VZOLŽNO IN PREÈNO,,M2,1,0, M2,1,202060000,1,,202,,POM,0,0,A,,D,N,N,,0,,,0,D,U5,7.12.2021 09:35,VY,12.05.2023 14:08,,,,,,,99,0,,N,,,N,,,31020,440792,,,,,,,N,,S,111112,,0,0,0,0,0,,,N,0,,,,,N,0,,,N,,,0,0,0,126200,1,0,0,0,0,0,,0,0,,,,0,0,,0,,,,,,,,,,0,0,0,0,0,1,,0,,0,0,0,0,0,0,0,0,0,0,0,0,0,,,,,,,,,,0,,,,,,,,,.  .       :  :,,9947262,,,
TK. PES 55/30 - 240CM VDS,A,9923769,,9908490,TK. PES 55/30 - 230CM WILKIE,1,,,,1,.  .       :  :,,9923769,TK.ZA FILTRE-ALTERNATIVA,PROIZVAJALEC ELSINHORST,KOS,1,0,KOS,1,202010100,,,,,POM,0,0,A,,D,,N,,0,,,0,D,U5,3.12.2008 08:59,VG,19.01.2012 13:37,,,,,,,,0,,N,,,,,,,,,,,,,,,,N,,,0,0,0,0,0,,,,0,,,,,,0,,,,,,0,0,0,0,0,0,0,0,0,,0,0,,,,0,0,,0,,,,,,,,,,0,0,0,0,0,1,,0,,0,0,0,0,0,0,0,0,0,0,0,0,0,,,,,,,,,,0,,,,,,,,,.  .       :  :,,9923769,,,,
TK. PES 55/40 - 240CM Q3240 WILKIE,A,9905450,,9924309,TK. PES 55/30 - 238CM Q3308 WILKIE,1,,,,1,.  .       :  :,9905450,9905450,,PROIZVAJALEC WILKIE,M2,1,0,KOS,1,202010100,1,,202,,POM,0,0,A,,D,,N,22210,0,,,0,D,VL,18.06.2001 09:17,UZ,20.10.2021 13:04,,,,,,,,0,,N,,,,,,31020,9905450,,,,,,,N,,N,111112,,0,0,0,0,0,,,,0,,,,,,0,,,,,,0,0,0,0,0,0,0,0,0,,0,0,,,,0,0,,0,,,,,,,,,,0,0,0,0,0,1,,0,,0,0,0,0,0,0,0,0,0,0,0,0,0,,,,,,,,,,0,,,,,,,,,.  .       :  :,,9905450,,,,
TK. PES 55/30 - 240CM VDS,A,9923769,,9924309,TK. PES 55/30 - 238CM Q3308 WILKIE,1,,,,2,.  .       :  :,,9923769,TK.ZA FILTRE-ALTERNATIVA,PROIZVAJALEC ELSINHORST,KOS,1,0,KOS,1,202010100,,,,,POM,0,0,A,,D,,N,,0,,,0,D,U5,3.12.2008 08:59,VG,19.01.2012 13:37,,,,,,,,0,,N,,,,,,,,,,,,,,,,N,,,0,0,0,0,0,,,,0,,,,,,0,,,,,,0,0,0,0,0,0,0,0,0,,0,0,,,,0,0,,0,,,,,,,,,,0,0,0,0,0,1,,0,,0,0,0,0,0,0,0,0,0,0,0,0,0,,,,,,,,,,0,,,,,,,,,.  .       :  :,,9923769,,,,
TK. PES 55/40 - 240CM  MAJŠPERK,A,9924261,,9924309,TK. PES 55/30 - 238CM Q3308 WILKIE,1,,,9924261                   2,2,.  .       :  :,,9924261,1100DTEX , 110 g/m2,,KOS,1,0,KOS,1,202010100,,,202,,POM,0,0,A,,D,,N,,0,,,0,D,U5,6.04.2009 12:47,U5,12.02.2015 13:20,,,,,,,,0,54071000,N,,,,,,,,,,,,,,,,S,,,0,0,0,0,0,,,,0,,,,,,0,,,,F,,0,0,0,0,0,0,0,0,0,,0,0,,,,0,0,,0,,,,,,,,,,0,0,0,0,0,1,,0,,0,0,0,0,0,0,0,0,0,0,0,0,0,,,,,,,,,,0,,,,,,,,,.  .       :  :,,9924261,,,
TK. PES 55/30 - 240CM VDS,A,9923769,,9924865,TK. PES 55/30 - 238CM V0/V0 VDS,1,,,,3,.  .       :  :,,9923769,TK.ZA FILTRE-ALTERNATIVA,PROIZVAJALEC ELSINHORST,KOS,1,0,KOS,1,202010100,,,,,POM,0,0,A,,D,,N,,0,,,0,D,U5,3.12.2008 08:59,VG,19.01.2012 13:37,,,,,,,,0,,N,,,,,,,,,,,,,,,,N,,,0,0,0,0,0,,,,0,,,,,,0,,,,,,0,0,0,0,0,0,0,0,0,,0,0,,,,0,0,,0,,,,,,,,,,0,0,0,0,0,1,,0,,0,0,0,0,0,0,0,0,0,0,0,0,0,,,,,,,,,,0,,,,,,,,,.  .       :  :,,9923769,,,,
TK. PES 55/40 - 240CM  MAJŠPERK,A,9924261,,9930334,TK. PES 55/35 - 240CM  TATKO,1,,,9924261                   1,1,.  .       :  :,,9924261,1100DTEX , 110 g/m2,,KOS,1,0,KOS,1,202010100,,,202,,POM,0,0,A,,D,,N,,0,,,0,D,U5,6.04.2009 12:47,U5,12.02.2015 13:20,,,,,,,,0,54071000,N,,,,,,,,,,,,,,,,S,,,0,0,0,0,0,,,,0,,,,,,0,,,,F,,0,0,0,0,0,0,0,0,0,,0,0,,,,0,0,,0,,,,,,,,,,0,0,0,0,0,1,,0,,0,0,0,0,0,0,0,0,0,0,0,0,0,,,,,,,,,,0,,,,,,,,,.  .       :  :,,9924261,,,
TK. PES 55/40 - 230CM  K0NUS S,A,9943064,,9944594,TK. PES 55/40 - 227CM  K0NUS S,1,,,,1,.  .       :  :,,9943064,1100DTEX , 106g/m2,,KOS,1,0,KOS,1,202010100,,,202,,POM,0,0,A,,D,,N,,0,,,0,D,U5,21.11.2018 08:30,UZ,21.04.2020 07:45,,,,,,,,0,54071000,N,,,,,,,,,,,,,,,,B,111112,,0,0,0,0,0,,,,0,,,I,,,0,,,,F,,0,0,0,0,0,0,0,0,0,,0,0,,,,0,0,,0,,,,,,,,,,0,0,0,0,0,1,,0,,0,0,0,0,0,0,0,0,0,0,0,0,0,,,,,,,,,,0,,,,,,,,,.  .       :  :,,9943064,,,
TK. PES 55/40 - 227CM/K.Š.205-K0NUS S,A,9944594,,9943064,TK. PES 55/40 - 230CM  K0NUS S,1,,,,1,.  .       :  :,,9944594,1100DTEX , 106g/m2,,KOS,1,0,KOS,1,202010100,,,202,,POM,0,0,A,,D,N,N,,0,,,0,D,U5,18.11.2019 08:07,U5,18.08.2020 14:24,,,,,,,,0,54071000,N,,,,,,31020,,,,,,,,N,,B,111112,,0,0,0,0,0,,,,0,,,I,,,0,,,,F,,0,0,0,0,0,0,0,0,0,,0,0,,,,0,0,,0,,,,,,,,,,0,0,0,0,0,1,,0,,0,0,0,0,0,0,0,0,0,0,0,0,0,,,,,,,,,,0,,,,,,,,,.  .       :  :,,9944594,,,
TK. PES 55/40 - 240CM  KONUS S,A,9937865,,9944500,TK. PES 55/40 - 238CM  KONUS S,1,,,,4,.  .       :  :,,9937865,1100DTEX , 110 g/m2,,KOS,1,0,KOS,1,202010100,,,202,,POM,0,0,A,,D,N,D,,0,,,0,D,U5,5.02.2015 10:59,VX,8.06.2020 13:59,,,,,,,,0,54071000,N,,,,,,31020,,,,,,,,N,,B,,,0,0,0,0,0,,,,0,,,,,,0,,,,F,,0,0,0,0,0,0,0,0,0,,0,0,,,,0,0,,0,,,,,,,,,,0,0,0,0,0,1,,0,,0,0,0,0,0,0,0,0,0,0,0,0,0,,,,,,,,,,0,,,,,,,,,.  .       :  :,,9937865,,,
TK. PES 55/30 - 238CM Q3308 WILKIE,A,9924309,,9937865,TK. PES 55/40 - 240CM  KONUS S,1,,,,1,.  .       :  :,,9924309,TK.ZA FILTRE,PROIZVAJALEC WILKIE,KOS,1,0,KOS,1,202010100,,,,,POM,0,0,A,,D,,N,,325,,,0,D,U5,15.04.2009 09:30,U5,3.05.2018 12:37,,GB,,,,,,0,54071000,N,,,,,,,,,,,,,,,,N,,,0,0,0,0,0,,,,0,,,I,,,0,,,,,,0,0,0,0,0,0,0,0,0,,0,0,,,,0,0,,0,,,,,,,,,,0,0,0,0,0,1,,0,,0,0,0,0,0,0,0,0,0,0,0,0,0,,,,,,,,,,0,,,,,,,,,.  .       :  :,,9924309,,,,
TK. PES 55/35 - 240CM/K.Š.215 KONUS-S,A,9930334,,9937865,TK. PES 55/40 - 240CM  KONUS S,1,,,,2,.  .       :  :,,9930334,1100DTEX , 95g/m2,,KOS,1,0,KOS,1,202010100,,,202,,POM,0,0,A,,D,,N,,0,,,0,D,U5,5.09.2011 13:19,Y9,3.02.2020 08:53,,,,,,,,0,54071000,N,,,,,,,,,,,,,,,,N,111112,,0,0,0,0,0,,,,0,,,,,,0,,,,F,,0,0,0,0,0,0,0,0,0,,0,0,,,,0,0,,0,,,,,,,,,,0,0,0,0,0,1,,0,,0,0,0,0,0,0,0,0,0,0,0,0,0,,,,,,,,,,0,,,,,,,,,.  .       :  :,,9930334,,,
TK. PES 55/40 - 238CM/K.Š.215 KONUS S,A,9944500,,9937865,TK. PES 55/40 - 240CM  KONUS S,1,84,,,,1,.  .       :  :,,9944500,1100DTEX , 110 g/m2,,KOS,1,0,KOS,1,202010100,,,202,,POM,0,0,A,,D,N,N,,0,,,0,D,U5,15.10.2019 14:56,VY,14.10.2022 11:11,,,,,,,,0,54071000,N,,,,,,31020,,,,,,,,N,,B,,,0,0,0,0,0,,,,0,,,I,,,0,,,,F,,0,0,0,0,0,0,0,0,0,,0,0,,,,0,0,,0,,,,,,,,,,0,0,0,0,0,1,,0,,0,0,0,0,0,0,0,0,0,0,0,0,0,,,,,,,,,,0,,,,,,,,,.  .       :  :,,9944500,,
TK. PES 55/40-240CM V0/V0 ELSINGHORST,A,9914811,,9924862,TK. PES 55/40 - 240CM Q3209 T0/T0 WILKIE,1,,,,1,.  .       :  :,,9914811,,,KOS,1,0,KOS,1,202010100,,,202,,POM,0,0,A,,D,,N,,0,,,0,D,VX,24.02.2005 14:52,Y4,15.07.2010 10:12,,,,,,,,0,54071000,N,,,,,,,,,,,,,,,,M,111112,,0,0,0,0,0,,,,0,,,,,,0,,,,,,0,0,0,0,0,0,0,0,0,,0,0,,,,0,0,,0,,,,,,,,,,0,0,0,0,0,1,,0,,0,0,0,0,0,0,0,0,0,0,0,0,0,,,,,,,,,,0,,,,,,,,,.  .       :  :,,9914811,,,,
TK. PES 55/40-240CM Q3271 WILKIE,A,9924512,,9924862,TK. PES 55/40 - 240CM Q3209 T0/T0 WILKIE,1,,,,1,.  .       :  :,,9924512,,,KOS,1,0,KOS,1,202010100,,,,,POM,0,0,A,,D,,N,,0,,,0,D,VX,26.05.2009 10:47,Y4,10.03.2010 08:47,,,,,,,,0,,N,,,,,,,,,,,,,,,,M,,,0,0,0,0,0,,,,0,,,,,,0,,,,,,0,0,0,0,0,0,0,0,0,,0,0,,,,0,0,,0,,,,,,,,,,0,0,0,0,0,1,,0,,0,0,0,0,0,0,0,0,0,0,0,0,0,,,,,,,,,,0,,,,,,,,,.  .       :  :,,9924512,,,,
TK. PES 55/40 - 240CM  KONUS S,A,9937865,,9924862,TK. PES 55/40 - 240CM Q3209 T0/T0 WILKIE,1,,,,3,.  .       :  :,,9937865,1100DTEX , 110 g/m2,,KOS,1,0,KOS,1,202010100,,,202,,POM,0,0,A,,D,N,D,,0,,,0,D,U5,5.02.2015 10:59,VX,8.06.2020 13:59,,,,,,,,0,54071000,N,,,,,,31020,,,,,,,,N,,B,,,0,0,0,0,0,,,,0,,,,,,0,,,,F,,0,0,0,0,0,0,0,0,0,,0,0,,,,0,0,,0,,,,,,,,,,0,0,0,0,0,1,,0,,0,0,0,0,0,0,0,0,0,0,0,0,0,,,,,,,,,,0,,,,,,,,,.  .       :  :,,9937865,,,
TK. PES 55/30 - 238CM Q3308 WILKIE,A,9924309,,9941751,TK. PES 55/40 - 243CM SLOVAN SUMTEX,1,,,,3,.  .       :  :,,9924309,TK.ZA FILTRE,PROIZVAJALEC WILKIE,KOS,1,0,KOS,1,202010100,,,,,POM,0,0,A,,D,,N,,325,,,0,D,U5,15.04.2009 09:30,U5,3.05.2018 12:37,,GB,,,,,,0,54071000,N,,,,,,,,,,,,,,,,N,,,0,0,0,0,0,,,,0,,,I,,,0,,,,,,0,0,0,0,0,0,0,0,0,,0,0,,,,0,0,,0,,,,,,,,,,0,0,0,0,0,1,,0,,0,0,0,0,0,0,0,0,0,0,0,0,0,,,,,,,,,,0,,,,,,,,,.  .       :  :,,9924309,,,,
TK. PES 55/35 - 240CM/K.Š.215 KONUS-S,A,9930334,,9941751,TK. PES 55/40 - 243CM SLOVAN SUMTEX,1,,,,3,.  .       :  :,,9930334,1100DTEX , 95g/m2,,KOS,1,0,KOS,1,202010100,,,202,,POM,0,0,A,,D,,N,,0,,,0,D,U5,5.09.2011 13:19,Y9,3.02.2020 08:53,,,,,,,,0,54071000,N,,,,,,,,,,,,,,,,N,111112,,0,0,0,0,0,,,,0,,,,,,0,,,,F,,0,0,0,0,0,0,0,0,0,,0,0,,,,0,0,,0,,,,,,,,,,0,0,0,0,0,1,,0,,0,0,0,0,0,0,0,0,0,0,0,0,0,,,,,,,,,,0,,,,,,,,,.  .       :  :,,9930334,,,
TK. PES 55/40 - 240CM  KONUS S,A,9937865,,9941751,TK. PES 55/40 - 243CM SLOVAN SUMTEX,1,,,,1,.  .       :  :,,9937865,1100DTEX , 110 g/m2,,KOS,1,0,KOS,1,202010100,,,202,,POM,0,0,A,,D,N,D,,0,,,0,D,U5,5.02.2015 10:59,VX,8.06.2020 13:59,,,,,,,,0,54071000,N,,,,,,31020,,,,,,,,N,,B,,,0,0,0,0,0,,,,0,,,,,,0,,,,F,,0,0,0,0,0,0,0,0,0,,0,0,,,,0,0,,0,,,,,,,,,,0,0,0,0,0,1,,0,,0,0,0,0,0,0,0,0,0,0,0,0,0,,,,,,,,,,0,,,,,,,,,.  .       :  :,,9937865,,,
TK. PES 55/40 BT Š.240 TATKO,A,9930336,,9932603,TK. PES 55/40 BT (SSF)-240CM Q3310 WILKI,1,,,,1,.  .       :  :,,9930336,TKANINA S KOVINSKIMI NITMI VZOLŽNO IN PREÈNO,,M2,1,0, M2,1,202060000,1,,202,,POM,0,0,A,,D,N,D,,0,,,0,D,U5,5.09.2011 13:24,UZ,17.12.2020 12:34,,,,,,,99,0,,N,,,N,,,31020,440792,,,,,,,N,,B,111112,,0,0,0,0,0,,,N,0,,,,,N,0,,,N,,,0,0,0,0,0,0,0,0,0,,0,0,,,,0,0,,0,,,,,,,,,,0,0,0,0,0,1,,0,,0,0,0,0,0,0,0,0,0,0,0,0,0,,,,,,,,,,0,,,,,,,,,.  .       :  :,,9930336,,,,
TK. PES 55/40 BT Š.230 TATKO,A,9940246,,9944595,TK. PES 55/40 BT Š.227 KONUS S,1,,,,1,.  .       :  :,,9940246,TKANINA S KOVINSKIMI NITMI VZOLŽNO IN PREÈNO,,M2,1,0, M2,1,202060000,1,,202,F1,POM,0,0,A,,D,N,D,,0,,,0,D,U5,29.07.2016 14:44,UZ,1.10.2021 13:50,,,,,,,99,0,,N,,,N,,,31020,440792,,,,,,,N,,N,111112,,0,0,0,0,0,,,N,0,,,,,N,0,,,N,,,0,0,0,0,0,0,0,0,0,,0,0,,,,0,0,,0,,,,,,,,,,0,0,0,0,0,1,,0,,0,0,0,0,0,0,0,0,0,0,0,0,0,,,,,,,,,,0,,,,,,,,,.  .       :  :,,9940246,,,,
TK. PES 55/40 BT Š.240 TATKO,A,9930336,,9944499,TK. PES 55/40 BT Š.238 KONUS S,1,,,,2,.  .       :  :,,9930336,TKANINA S KOVINSKIMI NITMI VZOLŽNO IN PREÈNO,,M2,1,0, M2,1,202060000,1,,202,,POM,0,0,A,,D,N,D,,0,,,0,D,U5,5.09.2011 13:24,UZ,17.12.2020 12:34,,,,,,,99,0,,N,,,N,,,31020,440792,,,,,,,N,,B,111112,,0,0,0,0,0,,,N,0,,,,,N,0,,,N,,,0,0,0,0,0,0,0,0,0,,0,0,,,,0,0,,0,,,,,,,,,,0,0,0,0,0,1,,0,,0,0,0,0,0,0,0,0,0,0,0,0,0,,,,,,,,,,0,,,,,,,,,.  .       :  :,,9930336,,,,
TK. PES 55/40 KW19 BEKINOX Š.235 ELSIN,A,9910411,,9930336,TK. PES 55/40 BT Š.240 TATKO,1,,,9910411                   3,3,.  .       :  :,,9910411,PES TKANINA Z BEKINOX FILAMENTOM VZOLŽNO IN PREÈNO,VZD./2 CM  , PREÈNO/3 CM,KOS,1,0,KOS,1,202060000,1,,202,,POM,0,0,A,,D,,N,,0,,,0,D,VY,3.04.2003 15:32,VX,19.08.2016 10:39,,,,,,,,0,,N,,,,,,31020,,,,,,,,N,,M,111112,,0,0,0,0,0,,,,0,,,,,,0,,,,,,0,0,0,0,0,0,0,0,0,,0,0,,,,0,0,,0,,,,,,,,,,0,0,0,0,0,1,,0,,0,0,0,0,0,0,0,0,0,0,0,0,0,,,,,,,,,,0,,,,,,,,,.  .       :  :,,9910411,,,
TK. PES 55/40 KW19 BEKINOX Š.238 VDS,A,9930035,,9930336,TK. PES 55/40 BT Š.240 TATKO,1,,,9930035                   1,1,.  .       :  :,,9930035,PES 1100DTEX VO + BEKINOX NM 20/2 + O:11 NIT BEKIN,1/1PLAIN, KARA 2X2CM, VOTEK: 8 NIT BEKINOX,KOS,1,0,KOS,1,202060000,,,,,POM,0,0,A,,D,,N,,0,,,0,D,VX,25.07.2011 11:49,VX,19.08.2016 10:39,,,,,,,,0,,N,,,,,,,,,,,,,,,,N,,,0,0,0,0,0,,,,0,,,,,,0,,,,,,0,0,0,0,0,0,0,0,0,,0,0,,,,0,0,,0,,,,,,,,,,0,0,0,0,0,1,,0,,0,0,0,0,0,0,0,0,0,0,0,0,0,,,,,,,,,,0,,,,,,,,,.  .       :  :,,9930035,,
TK. PES 55/40 BT (SSF)-240CM Q3310 WILKI,A,9932603,,9930336,TK. PES 55/40 BT Š.240 TATKO,1,,,,1,.  .       :  :,,9932603,PES 1100DTEX  + SSF NM 36/2 + OSNOVA:11  KOV NIT,1/1PLAIN, KARA , VOTEK:8 KOV NIT,PRODUKT CODE 3310,KOS,1,0,KOS,1,202060000,,,,,POM,0,0,A,,D,,D,,0,1,,,0,D,U5,2.08.2012 11:01,U5,3.05.2018 12:41,,GB,,,,,,0,54071000,N,,,,,,,,,,,,,,,,S,,,0,0,0,0,0,,,,0,,,I,,,0,,,,,,0,0,0,0,0,0,0,0,0,,0,0,,,,0,0,,0,,,,,,,,,,0,0,0,0,0,1,,0,,0,0,0,0,0,0,0,0,0,0,0,0,0,,,,,,,,,,0,,,,,,,,,.  .       :  :,,9932603
TK. PES 55/40 BT Š.238/K.Š.215 KONUS S,A,9944499,,9930336,TK. PES 55/40 BT Š.240 TATKO,1,,,,1,.  .       :  :,,9944499,TKANINA S KOVINSKIMI NITMI VZOLŽNO IN PREÈNO,,M2,1,0, M2,1,202060000,1,,202,,POM,0,0,A,,D,N,D,,0,,,0,D,U5,15.10.2019 14:55,UZ,13.09.2021 11:24,,,,,,,99,0,,N,,,N,,,31020,440792,,,,,,,N,,B,111112,,0,0,0,0,0,,,N,0,,,,,N,0,,,N,F,,0,0,0,0,0,0,0,0,0,,0,0,,,,0,0,,0,,,,,,,,,,0,0,0,0,0,1,,0,,0,0,0,0,0,0,0,0,0,0,0,0,0,,,,,,,,,,0,,,,,,,,,.  .       :  :,,9944499,,,,
TK. PES 55/45 BT Š.251/K.Š.230 KONUS S,A,9945421,,9941388,TK. PES 55/40 BT Š.246 TATKO,1,,,,1,.  .       :  :,,9945421,TKANINA S KOVINSKIMI NITMI VZOLŽNO IN PREÈNO,,M2,1,0, M2,1,202060000,1,,202,,POM,0,0,A,,D,N,N,,0,,,0,D,U5,5.06.2020 09:27,UZ,1.10.2021 13:56,,,,,,,99,0,,N,,,N,,,31020,440792,,,,,,,N,,N,111112,,0,0,0,0,0,,,N,0,,,,,N,0,,,N,,,0,0,0,21355,0,0,0,0,0,,0,0,,,,0,0,,0,,,,,,,,,,0,0,0,0,0,1,,0,,0,0,0,0,0,0,0,0,0,0,0,0,0,,,,,,,,,,0,,,,,,,,,.  .       :  :,,9945421,,,,
TK. PES 55/40 BT25 Š240,A,9946182,,9946980,TK. PES 55/40 BT25 Š238,0,9916,,,,1,.  .       :  :,,9946182,TK.S KOV. NITMI VZ. IN PREÈNO 9945895-RAZVOJ IDENT,"VELIKOST KARE 2,5 X 2,5 CM;ŠIRINA 240 CM",M2,1,0, M2,1,202060000,1,,202,,POM,0,0,A,,D,N,N,,0,,,0,D,U5,7.01.2021 15:25,VY,19.10.2022 13:23,,,,,,,99,0,,N,,,N,,,31020,440792,,,,,,,N,,N,111112,,0,0,0,0,0,,,N,0,,,,,N,0,,,N,,,0,0,0,0,0,0,0,0,0,,0,0,,,,0,0,,0,,,,,,,,,,0,0,0,0,0,1,,0,,0,0,0,0,0,0,0,0,0,0,0,0,0,,,,,,,,,,0,,,,,,,,,.  .       :  :,,9946182,,,
TK. PES 55/45 BT Š.238 KONUS S,A,9945419,,9946182,TK. PES 55/40 BT25 Š240,1,,,,5,.  .       :  :,,9945419,TKANINA S KOVINSKIMI NITMI VZOLŽNO IN PREÈNO,,M2,1,0, M2,1,202060000,1,,202,,POM,0,0,A,,D,N,N,,0,,,0,X,U5,5.06.2020 08:19,UZ,22.09.2022 14:47,,,,,,,99,0,,N,,,N,,,31020,440792,,,,,,,N,,N,111112,,0,0,0,0,0,,,N,0,,,,,N,0,,,N,,,0,0,0,0,0,0,0,0,0,,0,0,,,,0,0,,0,,,,,,,,,,0,0,0,0,0,1,,0,,0,0,0,0,0,0,0,0,0,0,0,0,0,,,,,,,,,,0,,,,,,,,,.  .       :  :,,9945419,,,,
TK. PES 55/40 BT25 Š238,A,9946980,,9946182,TK. PES 55/40 BT25 Š240,1,84,,,,1,.  .       :  :,,9946980,TK.S KOV. NITMI VZ. IN PREÈNO 9945895-RAZVOJ IDENT,"VELIKOST KARE 2,5 X 2,5 CM;ŠIRINA 240 CM",M2,1,0, M2,1,202060000,1,,202,,POM,0,0,A,,D,N,N,,0,,,0,D,U5,29.07.2021 11:21,U5,6.10.2021 14:11,,,,,,,99,0,,N,,,N,,,31020,440792,,,,,,,N,,N,111112,,0,0,0,0,0,,,N,0,,,,,N,0,,,N,,,0,0,0,0,0,0,0,0,0,,0,0,,,,0,0,,0,,,,,,,,,,0,0,0,0,0,1,,0,,0,0,0,0,0,0,0,0,0,0,0,0,0,,,,,,,,,,0,,,,,,,,,.  .       :  :,,9946980,,,
TK. PES 55/40-240CM V0/V0 ELSINGHORST,A,9914811,,9924512,TK. PES 55/40-240CM Q3271 WILKIE,1,,,,2,.  .       :  :,,9914811,,,KOS,1,0,KOS,1,202010100,,,202,,POM,0,0,A,,D,,N,,0,,,0,D,VX,24.02.2005 14:52,Y4,15.07.2010 10:12,,,,,,,,0,54071000,N,,,,,,,,,,,,,,,,M,111112,,0,0,0,0,0,,,,0,,,,,,0,,,,,,0,0,0,0,0,0,0,0,0,,0,0,,,,0,0,,0,,,,,,,,,,0,0,0,0,0,1,,0,,0,0,0,0,0,0,0,0,0,0,0,0,0,,,,,,,,,,0,,,,,,,,,.  .       :  :,,9914811,,,,
TK. PES 55/40 - 240CM Q3209 T0/T0 WILKIE,A,9924862,,9924512,TK. PES 55/40-240CM Q3271 WILKIE,1,,,,1,.  .       :  :,,9924862,,,KOS,1,0,KOS,1,202010100,,,,,POM,0,0,A,,D,,N,,0,89,,,0,D,VX,16.07.2009 07:57,VX,3.03.2016 11:37,,GB,,,,,,0,54076110,N,,,,,,,,,,,,,,,,N,,,0,0,0,0,0,,,,0,,,I,,,0,,,,,,0,0,0,0,0,0,0,0,0,,0,0,,,,0,0,,0,,,,,,,,,,0,0,0,0,0,1,,0,,0,0,0,0,0,0,0,0,0,0,0,0,0,,,,,,,,,,0,,,,,,,,,.  .       :  :,,9924862,,,
TK. PES 55/40-240CM Q3271 WILKIE,A,9924512,,9914811,TK. PES 55/40-240CM V0/V0 ELSINGHORST,1,,,,2,.  .       :  :,,9924512,,,KOS,1,0,KOS,1,202010100,,,,,POM,0,0,A,,D,,N,,0,,,0,D,VX,26.05.2009 10:47,Y4,10.03.2010 08:47,,,,,,,,0,,N,,,,,,,,,,,,,,,,M,,,0,0,0,0,0,,,,0,,,,,,0,,,,,,0,0,0,0,0,0,0,0,0,,0,0,,,,0,0,,0,,,,,,,,,,0,0,0,0,0,1,,0,,0,0,0,0,0,0,0,0,0,0,0,0,0,,,,,,,,,,0,,,,,,,,,.  .       :  :,,9924512,,,,
TK. PES 55/40 - 240CM Q3209 T0/T0 WILKIE,A,9924862,,9914811,TK. PES 55/40-240CM V0/V0 ELSINGHORST,1,,,,2,.  .       :  :,,9924862,,,KOS,1,0,KOS,1,202010100,,,,,POM,0,0,A,,D,,N,,0,89,,,0,D,VX,16.07.2009 07:57,VX,3.03.2016 11:37,,GB,,,,,,0,54076110,N,,,,,,,,,,,,,,,,N,,,0,0,0,0,0,,,,0,,,I,,,0,,,,,,0,0,0,0,0,0,0,0,0,,0,0,,,,0,0,,0,,,,,,,,,,0,0,0,0,0,1,,0,,0,0,0,0,0,0,0,0,0,0,0,0,0,,,,,,,,,,0,,,,,,,,,.  .       :  :,,9924862,,,
TK. PES 55/45 - 230CM  K0NUS S,A,9941528,,9936825,TK. PES 55/45 - 224CM  KONUS S,1,,,,2,.  .       :  :,,9941528,1100DTEX , 117g/m2,,KOS,1,0,KOS,1,202010100,,,202,,POM,0,0,A,,D,,N,,0,,,0,D,U5,22.09.2017 10:22,VY,12.10.2022 08:17,,,,,,,,0,54071000,N,,,,,,,,,,,,,,,,N,111112,,0,0,0,0,0,,,,0,,,I,,,0,,,,,,0,0,0,0,0,0,0,0,0,,0,0,,,,0,0,,0,,,,,,,,,,0,0,0,0,0,1,,0,,0,0,0,0,0,0,0,0,0,0,0,0,0,,,,,,,,,,0,,,,,,,,,.  .       :  :,,9941528,,,
FLIS/S 8230 250/2,4/230,9947150,9947150,,9936825,TK. PES 55/45 - 224CM  KONUS S,1,,,,1,.  .       :  :,,9947150,FLIS S TK ZA TCP 500, POLAGANJE,,KOS,1,0,KOS,1,102070000,,,,S21,POL,0,0,A,,D,,N,22210,0,,NT9947150/0001,1,D,VY,27.10.2021 09:08,ZD,20.07.2022 13:38,,,,,,,,0,,N,,,,,,,,,,,,,,,,S,111121,,0,0,0,0,0,,,,0,,,,,,0,,,,,,0,0,0,0,0,0,0,0,0,,0,22,0,,,,0,0,,0,,,,,,,,,,0,0,0,0,0,1,,0,,0,0,0,0,0,0,0,0,0,0,0,0,0,,,,,,,,,,0,,,,,,,,,.  .       :  :,,9947150,
TK. PES 55/45 - 230CM  K0NUS S,A,9941528,,9941120,TK. PES 55/45 - 226CM  K0NUS S,1,,,,1,.  .       :  :,,9941528,1100DTEX , 117g/m2,,KOS,1,0,KOS,1,202010100,,,202,,POM,0,0,A,,D,,N,,0,,,0,D,U5,22.09.2017 10:22,VY,12.10.2022 08:17,,,,,,,,0,54071000,N,,,,,,,,,,,,,,,,N,111112,,0,0,0,0,0,,,,0,,,I,,,0,,,,,,0,0,0,0,0,0,0,0,0,,0,0,,,,0,0,,0,,,,,,,,,,0,0,0,0,0,1,,0,,0,0,0,0,0,0,0,0,0,0,0,0,0,,,,,,,,,,0,,,,,,,,,.  .       :  :,,9941528,,,
TK. PES 55/45 - 224CM  KONUS S,A,9936825,,9941120,TK. PES 55/45 - 227CM  K0NUS S,1,1339,,,,2,.  .       :  :,,9936825,1100DTEX , 117g/m2,,KOS,1,0,KOS,1,202010100,,,202,,POM,0,0,A,,D,,N,,0,,,0,D,U5,3.07.2014 15:14,VY,30.01.2023 12:01,,,,,,,,0,54071000,N,,,,,,,,,,,,,,,,B,111112,,0,0,0,0,0,,,,0,,,I,,,0,,,,F,,0,0,0,0,0,0,0,0,0,,0,0,,,,0,0,,0,,,,,,,,,,0,0,0,0,0,1,,0,,0,0,0,0,0,0,0,0,0,0,0,0,0,,,,,,,,,,0,,,,,,,,,.  .       :  :,,9936825,,
TK. PES 55/45 - 230CM  K0NUS S,A,9941528,,9941120,TK. PES 55/45 - 227CM  K0NUS S,1,,,,4,.  .       :  :,,9941528,1100DTEX , 117g/m2,,KOS,1,0,KOS,1,202010100,,,202,,POM,0,0,A,,D,,N,,0,,,0,D,U5,22.09.2017 10:22,VY,12.10.2022 08:17,,,,,,,,0,54071000,N,,,,,,,,,,,,,,,,N,111112,,0,0,0,0,0,,,,0,,,I,,,0,,,,,,0,0,0,0,0,0,0,0,0,,0,0,,,,0,0,,0,,,,,,,,,,0,0,0,0,0,1,,0,,0,0,0,0,0,0,0,0,0,0,0,0,0,,,,,,,,,,0,,,,,,,,,.  .       :  :,,9941528,,,
TK. PES 55/45 - 227CM  K0NUS S (SILON),A,9946812,,9941120,TK. PES 55/45 - 227CM  K0NUS S,1,,,,2,.  .       :  :,,9946812,TK. ZA SILON, 1100DTEX , 117g/m2,ZA TCP 500/14 in PE 680,KOS,1,0,KOS,1,202010100,,,202,,POM,0,0,A,,D,,D,,0,,,0,D,VY,8.06.2021 12:53,VY,12.01.2022 11:00,,,,,,,,0,54071000,N,,,,,,,,,,,,,,,,B,111112,,0,0,0,0,0,,,,0,,,I,,,0,,,,F,,0,0,0,0,0,0,0,0,0,,0,0,,,,0,0,,0,,,,,,,,,,0,0,0,0,0,1,,0,,0,0,0,0,0,0,0,0,0,0,0,0,0,,,,,,,,,,0,,,,,,,,,.  .       :  :,,9946812,,
TK. PES 55/45 - 224CM  KONUS S,A,9936825,,9948050,TK. PES 55/45 - 227CM KONUS S OPL,1,1339,,,,3,.  .       :  :,,9936825,1100DTEX , 117g/m2,,KOS,1,0,KOS,1,202010100,,,202,,POM,0,0,A,,D,,N,,0,,,0,D,U5,3.07.2014 15:14,VY,30.01.2023 12:01,,,,,,,,0,54071000,N,,,,,,,,,,,,,,,,B,111112,,0,0,0,0,0,,,,0,,,I,,,0,,,,F,,0,0,0,0,0,0,0,0,0,,0,0,,,,0,0,,0,,,,,,,,,,0,0,0,0,0,1,,0,,0,0,0,0,0,0,0,0,0,0,0,0,0,,,,,,,,,,0,,,,,,,,,.  .       :  :,,9936825,,
TK. PES 55/45 - 227CM  K0NUS S,A,9941120,,9948050,TK. PES 55/45 - 227CM KONUS S OPL,1,,,,2,.  .       :  :,,9941120,1100DTEX , 117g/m2,,KOS,1,0,KOS,1,202010100,,,202,,POM,0,0,A,,D,,N,,0,,,0,D,U5,8.05.2017 13:47,UF,4.11.2022 09:31,,,,,,,,0,54071000,N,,,,,,,,,,,,,,,,B,111112,,0,0,0,0,0,,,,0,,,I,,,0,,,,F,,0,0,0,75969,33333,0,0,0,0,0,,0,0,,,,0,0,,0,,,,,,,,,,0,0,0,0,0,1,,0,,0,0,0,0,0,0,0,0,0,0,0,0,0,,,,,,,,,,0,,,,,,,,,.  .       :  :,,9941120,,
TK. PES 55/45 - 227CM  K0NUS S,A,9941120,,9941528,TK. PES 55/45 - 230CM  K0NUS S,1,1322,,,,1,.  .       :  :,,9941120,1100DTEX , 117g/m2,,KOS,1,0,KOS,1,202010100,,,202,,POM,0,0,A,,D,,N,,0,,,0,D,U5,8.05.2017 13:47,UF,4.11.2022 09:31,,,,,,,,0,54071000,N,,,,,,,,,,,,,,,,B,111112,,0,0,0,0,0,,,,0,,,I,,,0,,,,F,,0,0,0,75969,33333,0,0,0,0,0,,0,0,,,,0,0,,0,,,,,,,,,,0,0,0,0,0,1,,0,,0,0,0,0,0,0,0,0,0,0,0,0,0,,,,,,,,,,0,,,,,,,,,.  .       :  :,,9941120,
TK. PES 55/45 - 227CM  K0NUS S (SILON),A,9946812,,9941528,TK. PES 55/45 - 230CM  K0NUS S,1,13,,,,1,.  .       :  :,,9946812,TK. ZA SILON, 1100DTEX , 117g/m2,ZA TCP 500/14 in PE 680,KOS,1,0,KOS,1,202010100,,,202,,POM,0,0,A,,D,,D,,0,,,0,D,VY,8.06.2021 12:53,VY,12.01.2022 11:00,,,,,,,,0,54071000,N,,,,,,,,,,,,,,,,B,111112,,0,0,0,0,0,,,,0,,,I,,,0,,,,F,,0,0,0,0,0,0,0,0,0,,0,0,,,,0,0,,0,,,,,,,,,,0,0,0,0,0,1,,0,,0,0,0,0,0,0,0,0,0,0,0,0,0,,,,,,,,,,0,,,,,,,,,.  .       :  :,,9946812,
FLIS/S 8230 250/2,4/230,9947150,9947150,,9941528,TK. PES 55/45 - 230CM  K0NUS S,1,,,,2,.  .       :  :,,9947150,FLIS S TK ZA TCP 500, POLAGANJE,,KOS,1,0,KOS,1,102070000,,,,S21,POL,0,0,A,,D,,N,22210,0,,NT9947150/0001,1,D,VY,27.10.2021 09:08,ZD,20.07.2022 13:38,,,,,,,,0,,N,,,,,,,,,,,,,,,,S,111121,,0,0,0,0,0,,,,0,,,,,,0,,,,,,0,0,0,0,0,0,0,0,0,,0,22,0,,,,0,0,,0,,,,,,,,,,0,0,0,0,0,1,,0,,0,0,0,0,0,0,0,0,0,0,0,0,0,,,,,,,,,,0,,,,,,,,,.  .       :  :,,9947150,
TK. PES 55/45 - 227CM  K0NUS S,A,9941120,,9948052,TK. PES 55/45 - 230CM KONUS S OPL,1,1322,,,,3,.  .       :  :,,9941120,1100DTEX , 117g/m2,,KOS,1,0,KOS,1,202010100,,,202,,POM,0,0,A,,D,,N,,0,,,0,D,U5,8.05.2017 13:47,UF,4.11.2022 09:31,,,,,,,,0,54071000,N,,,,,,,,,,,,,,,,B,111112,,0,0,0,0,0,,,,0,,,I,,,0,,,,F,,0,0,0,75969,33333,0,0,0,0,0,,0,0,,,,0,0,,0,,,,,,,,,,0,0,0,0,0,1,,0,,0,0,0,0,0,0,0,0,0,0,0,0,0,,,,,,,,,,0,,,,,,,,,.  .       :  :,,9941120,
TK. PES 55/45 - 230CM  K0NUS S,A,9941528,,9948052,TK. PES 55/45 - 230CM KONUS S OPL,1,,,,5,.  .       :  :,,9941528,1100DTEX , 117g/m2,,KOS,1,0,KOS,1,202010100,,,202,,POM,0,0,A,,D,,N,,0,,,0,D,U5,22.09.2017 10:22,VY,12.10.2022 08:17,,,,,,,,0,54071000,N,,,,,,,,,,,,,,,,N,111112,,0,0,0,0,0,,,,0,,,I,,,0,,,,,,0,0,0,0,0,0,0,0,0,,0,0,,,,0,0,,0,,,,,,,,,,0,0,0,0,0,1,,0,,0,0,0,0,0,0,0,0,0,0,0,0,0,,,,,,,,,,0,,,,,,,,,.  .       :  :,,9941528,,,
TK. PES 55/40 - 238CM/K.Š.215 KONUS S,A,9944500,,9946978,TK. PES 55/45 - 235CM KONUS S,0,98739,,,,2,.  .       :  :,,9944500,1100DTEX , 110 g/m2,,KOS,1,0,KOS,1,202010100,,,202,,POM,0,0,A,,D,N,N,,0,,,0,D,U5,15.10.2019 14:56,VY,14.10.2022 11:11,,,,,,,,0,54071000,N,,,,,,31020,,,,,,,,N,,B,,,0,0,0,0,0,,,,0,,,I,,,0,,,,F,,0,0,0,0,0,0,0,0,0,,0,0,,,,0,0,,0,,,,,,,,,,0,0,0,0,0,1,,0,,0,0,0,0,0,0,0,0,0,0,0,0,0,,,,,,,,,,0,,,,,,,,,.  .       :  :,,9944500,,
TK. PES 55/45 - 235CM KONUS S,A,9946978,,9948053,TK. PES 55/45 - 235CM KONUS S OPL,1,,,,2,.  .       :  :,,9946978,1100DTEX , 117g/m2,,KOS,1,0,KOS,1,202010100,,,202,,POM,0,0,A,,D,,N,,0,,,0,D,U5,29.07.2021 10:46,VY,12.05.2023 14:06,,,,,,,,0,54071000,N,,,,,,,,,,,,,,,,N,111112,,0,0,0,0,0,,,,0,,,,,,0,,,,,,0,0,0,164030,2,0,0,0,0,0,,0,0,,,,0,0,,0,,,,,,,,,,0,0,0,0,0,1,,0,,0,0,0,0,0,0,0,0,0,0,0,0,0,,,,,,,,,,0,,,,,,,,,.  .       :  :,,9946978,,
TK. PES 55/45 - 240CM/K.Š.215 KONUS-S,A,9936441,,9944967,TK. PES 55/45 - 238CM/K.Š.215 KONUS S,1,,,,1,.  .       :  :,,9936441,1100DTEX , 117g/m2,,KOS,1,0,KOS,1,202010100,,,202,,POM,0,0,A,,D,,D,,0,,,0,D,U5,7.04.2014 08:49,VY,28.09.2022 15:28,,,,,,,,0,54071000,N,,,,,,,,,,,,,,,,B,111112,,0,0,0,0,0,,,,0,,,,,,0,,,,F,,0,0,0,43759,99995,0,0,0,0,0,,0,0,,,,0,0,,0,,,,,,,,,,0,0,0,0,0,1,,0,,0,0,0,0,0,0,0,0,0,0,0,0,0,,,,,,,,,,0,,,,,,,,,.  .       :  :,,9936441,,
TK. PES 55/40 - 240CM Q3240 WILKIE,A,9905450,,9936441,TK. PES 55/45 - 240CM  TATKO,1,,,,2,.  .       :  :,,9905450,,PROIZVAJALEC WILKIE,M2,1,0,KOS,1,202010100,1,,202,,POM,0,0,A,,D,,N,22210,0,,,0,D,VL,18.06.2001 09:17,UZ,20.10.2021 13:04,,,,,,,,0,,N,,,,,,31020,9905450,,,,,,,N,,N,111112,,0,0,0,0,0,,,,0,,,,,,0,,,,,,0,0,0,0,0,0,0,0,0,,0,0,,,,0,0,,0,,,,,,,,,,0,0,0,0,0,1,,0,,0,0,0,0,0,0,0,0,0,0,0,0,0,,,,,,,,,,0,,,,,,,,,.  .       :  :,,9905450,,,,
TK. PES 55/40 - 240CM  MAJŠPERK,A,9924261,,9936441,TK. PES 55/45 - 240CM  TATKO,1,,,,3,.  .       :  :,,9924261,1100DTEX , 110 g/m2,,KOS,1,0,KOS,1,202010100,,,202,,POM,0,0,A,,D,,N,,0,,,0,D,U5,6.04.2009 12:47,U5,12.02.2015 13:20,,,,,,,,0,54071000,N,,,,,,,,,,,,,,,,S,,,0,0,0,0,0,,,,0,,,,,,0,,,,F,,0,0,0,0,0,0,0,0,0,,0,0,,,,0,0,,0,,,,,,,,,,0,0,0,0,0,1,,0,,0,0,0,0,0,0,0,0,0,0,0,0,0,,,,,,,,,,0,,,,,,,,,.  .       :  :,,9924261,,,
TK. PES 55/30 - 238CM Q3308 WILKIE,A,9924309,,9936441,TK. PES 55/45 - 240CM  TATKO,1,,,,2,.  .       :  :,,9924309,TK.ZA FILTRE,PROIZVAJALEC WILKIE,KOS,1,0,KOS,1,202010100,,,,,POM,0,0,A,,D,,N,,325,,,0,D,U5,15.04.2009 09:30,U5,3.05.2018 12:37,,GB,,,,,,0,54071000,N,,,,,,,,,,,,,,,,N,,,0,0,0,0,0,,,,0,,,I,,,0,,,,,,0,0,0,0,0,0,0,0,0,,0,0,,,,0,0,,0,,,,,,,,,,0,0,0,0,0,1,,0,,0,0,0,0,0,0,0,0,0,0,0,0,0,,,,,,,,,,0,,,,,,,,,.  .       :  :,,9924309,,,,
TK. PES 55/35 - 240CM/K.Š.215 KONUS-S,A,9930334,,9936441,TK. PES 55/45 - 240CM  TATKO,1,,,,1,.  .       :  :,,9930334,1100DTEX , 95g/m2,,KOS,1,0,KOS,1,202010100,,,202,,POM,0,0,A,,D,,N,,0,,,0,D,U5,5.09.2011 13:19,Y9,3.02.2020 08:53,,,,,,,,0,54071000,N,,,,,,,,,,,,,,,,N,111112,,0,0,0,0,0,,,,0,,,,,,0,,,,F,,0,0,0,0,0,0,0,0,0,,0,0,,,,0,0,,0,,,,,,,,,,0,0,0,0,0,1,,0,,0,0,0,0,0,0,0,0,0,0,0,0,0,,,,,,,,,,0,,,,,,,,,.  .       :  :,,9930334,,,
TK. PES 55/40 - 240CM  KONUS S,A,9937865,,9936441,TK. PES 55/45 - 240CM  TATKO,1,,,,2,.  .       :  :,,9937865,1100DTEX , 110 g/m2,,KOS,1,0,KOS,1,202010100,,,202,,POM,0,0,A,,D,N,D,,0,,,0,D,U5,5.02.2015 10:59,VX,8.06.2020 13:59,,,,,,,,0,54071000,N,,,,,,31020,,,,,,,,N,,B,,,0,0,0,0,0,,,,0,,,,,,0,,,,F,,0,0,0,0,0,0,0,0,0,,0,0,,,,0,0,,0,,,,,,,,,,0,0,0,0,0,1,,0,,0,0,0,0,0,0,0,0,0,0,0,0,0,,,,,,,,,,0,,,,,,,,,.  .       :  :,,9937865,,,
TK. PES 55/45 - 235CM KONUS S DX,A,9948453,,9948456,TK. PES 55/45 - 240CM KONUS S DX,1,2128,,,,1,.  .       :  :,,9948453,DX (neustrezna kvaliteta),1100 dtex Franke,KOS,1,0,KOS,1,202010100,,,202,,POM,0,0,A,,D,,N,,0,,,0,D,VY,14.12.2022 11:51,VY,27.02.2023 14:41,,,,,,,,0,54071000,N,,,,,,,,,,,,,,,,N,111112,,0,0,0,0,0,,,,0,,,,,,0,,,,,,0,0,0,0,0,0,0,0,0,,0,0,,,,0,0,,0,,,,,,,,,,0,0,0,0,0,1,,0,,0,0,0,0,0,0,0,0,0,0,0,0,0,,,,,,,,,,0,,,,,,,,,.  .       :  :,,9948453,,,
TK. PES 55/45 - 240CM/K.Š.215 KONUS-S,A,9936441,,9948043,TK. PES 55/45 - 240CM KONUS S OPL,1,,,,3,.  .       :  :,,9936441,1100DTEX , 117g/m2,,KOS,1,0,KOS,1,202010100,,,202,,POM,0,0,A,,D,,D,,0,,,0,D,U5,7.04.2014 08:49,VY,28.09.2022 15:28,,,,,,,,0,54071000,N,,,,,,,,,,,,,,,,B,111112,,0,0,0,0,0,,,,0,,,,,,0,,,,F,,0,0,0,43759,99995,0,0,0,0,0,,0,0,,,,0,0,,0,,,,,,,,,,0,0,0,0,0,1,,0,,0,0,0,0,0,0,0,0,0,0,0,0,0,,,,,,,,,,0,,,,,,,,,.  .       :  :,,9936441,,
TK. PES 55/45 - 235CM KONUS S,A,9946978,,9948043,TK. PES 55/45 - 240CM KONUS S OPL,1,2128,,,,4,.  .       :  :,,9946978,1100DTEX , 117g/m2,,KOS,1,0,KOS,1,202010100,,,202,,POM,0,0,A,,D,,N,,0,,,0,D,U5,29.07.2021 10:46,VY,12.05.2023 14:06,,,,,,,,0,54071000,N,,,,,,,,,,,,,,,,N,111112,,0,0,0,0,0,,,,0,,,,,,0,,,,,,0,0,0,164030,2,0,0,0,0,0,,0,0,,,,0,0,,0,,,,,,,,,,0,0,0,0,0,1,,0,,0,0,0,0,0,0,0,0,0,0,0,0,0,,,,,,,,,,0,,,,,,,,,.  .       :  :,,9946978,
TK. PES 55/45 - 240CM/K.Š.215 KONUS-S,A,9936441,,9947214,TK. PES 55/45 - 240CM SUMTEX,1,,,,2,.  .       :  :,,9936441,1100DTEX , 117g/m2,,KOS,1,0,KOS,1,202010100,,,202,,POM,0,0,A,,D,,D,,0,,,0,D,U5,7.04.2014 08:49,VY,28.09.2022 15:28,,,,,,,,0,54071000,N,,,,,,,,,,,,,,,,B,111112,,0,0,0,0,0,,,,0,,,,,,0,,,,F,,0,0,0,43759,99995,0,0,0,0,0,,0,0,,,,0,0,,0,,,,,,,,,,0,0,0,0,0,1,,0,,0,0,0,0,0,0,0,0,0,0,0,0,0,,,,,,,,,,0,,,,,,,,,.  .       :  :,,9936441,,
TK. PES 55/45 - 238CM/K.Š.215 KONUS S,A,9944967,,9947214,TK. PES 55/45 - 240CM SUMTEX,1,,,,2,.  .       :  :,,9944967,1100DTEX , 110 g/m2,,KOS,1,0,KOS,1,202010100,,,202,,POM,0,0,A,,D,N,N,,0,,,0,X,U5,21.02.2020 14:23,UZ,22.09.2022 14:40,,,,,,,,0,54071000,N,,,,,,31020,,,,,,,,N,,N,,,0,0,0,0,0,,,,0,,,,,,0,,,,,,0,0,0,0,0,0,0,0,0,,0,0,,,,0,0,,0,,,,,,,,,,0,0,0,0,0,1,,0,,0,0,0,0,0,0,0,0,0,0,0,0,0,,,,,,,,,,0,,,,,,,,,.  .       :  :,,9944967,,,
TK. PES 55/45 - 235CM KONUS S,A,9946978,,9947214,TK. PES 55/45 - 240CM SUMTEX,1,2128,,,,1,.  .       :  :,,9946978,1100DTEX , 117g/m2,,KOS,1,0,KOS,1,202010100,,,202,,POM,0,0,A,,D,,N,,0,,,0,D,U5,29.07.2021 10:46,VY,12.05.2023 14:06,,,,,,,,0,54071000,N,,,,,,,,,,,,,,,,N,111112,,0,0,0,0,0,,,,0,,,,,,0,,,,,,0,0,0,164030,2,0,0,0,0,0,,0,0,,,,0,0,,0,,,,,,,,,,0,0,0,0,0,1,,0,,0,0,0,0,0,0,0,0,0,0,0,0,0,,,,,,,,,,0,,,,,,,,,.  .       :  :,,9946978,
TK. PES 55/40 - 238CM/K.Š.215 KONUS S,A,9944500,,9936441,TK. PES 55/45 - 240CM/K.Š.215 KONUS-S,1,84,,,,3,.  .       :  :,,9944500,1100DTEX , 110 g/m2,,KOS,1,0,KOS,1,202010100,,,202,,POM,0,0,A,,D,N,N,,0,,,0,D,U5,15.10.2019 14:56,VY,14.10.2022 11:11,,,,,,,,0,54071000,N,,,,,,31020,,,,,,,,N,,B,,,0,0,0,0,0,,,,0,,,I,,,0,,,,F,,0,0,0,0,0,0,0,0,0,,0,0,,,,0,0,,0,,,,,,,,,,0,0,0,0,0,1,,0,,0,0,0,0,0,0,0,0,0,0,0,0,0,,,,,,,,,,0,,,,,,,,,.  .       :  :,,9944500,,
TK. PES 55/45 - 238CM/K.Š.215 KONUS S,A,9944967,,9936441,TK. PES 55/45 - 240CM/K.Š.215 KONUS-S,1,,,,1,.  .       :  :,,9944967,1100DTEX , 110 g/m2,,KOS,1,0,KOS,1,202010100,,,202,,POM,0,0,A,,D,N,N,,0,,,0,X,U5,21.02.2020 14:23,UZ,22.09.2022 14:40,,,,,,,,0,54071000,N,,,,,,31020,,,,,,,,N,,N,,,0,0,0,0,0,,,,0,,,,,,0,,,,,,0,0,0,0,0,0,0,0,0,,0,0,,,,0,0,,0,,,,,,,,,,0,0,0,0,0,1,,0,,0,0,0,0,0,0,0,0,0,0,0,0,0,,,,,,,,,,0,,,,,,,,,.  .       :  :,,9944967,,,
TK. PES 55/45 BT Š.238 KONUS S,A,9945419,,9936441,TK. PES 55/45 - 240CM/K.Š.215 KONUS-S,1,,,,4,.  .       :  :,,9945419,TKANINA S KOVINSKIMI NITMI VZOLŽNO IN PREÈNO,,M2,1,0, M2,1,202060000,1,,202,,POM,0,0,A,,D,N,N,,0,,,0,X,U5,5.06.2020 08:19,UZ,22.09.2022 14:47,,,,,,,99,0,,N,,,N,,,31020,440792,,,,,,,N,,N,111112,,0,0,0,0,0,,,N,0,,,,,N,0,,,N,,,0,0,0,0,0,0,0,0,0,,0,0,,,,0,0,,0,,,,,,,,,,0,0,0,0,0,1,,0,,0,0,0,0,0,0,0,0,0,0,0,0,0,,,,,,,,,,0,,,,,,,,,.  .       :  :,,9945419,,,,
TK. PES 55/45 - 242CM KONUS S,A,9946937,,9936441,TK. PES 55/45 - 240CM/K.Š.215 KONUS-S,0,9917,,,,1,.  .       :  :,,9946937,1100DTEX , 117 g/m2,,KOS,1,0,KOS,1,202010100,,,202,,POM,0,0,A,,D,N,N,,0,,,0,D,U5,20.07.2021 10:13,VY,11.05.2023 15:16,,,,,,,,0,54071000,N,,,,,,31020,,,,,,,,N,,N,,,0,0,0,0,0,,,,0,,,,,,0,,,,,,0,0,0,0,0,0,0,0,0,,0,0,,,,0,0,,0,,,,,,,,,,0,0,0,0,0,1,,0,,0,0,0,0,0,0,0,0,0,0,0,0,0,,,,,,,,,,0,,,,,,,,,.  .       :  :,,9946937,,
